Name,Gender,Category,Nationality,Status,Birth Year,Death year,Age,Marriage,Education Level,Profession,Profession group,Olympics,Gold Metals,Active Player,Political,Forbes,Grammy,Grammy_num,Oscar,Big_four_attend,Service time,Industry time
Virginia Apgar,1,Medicine,United States,1,1909,1974,65,0,D,Medical and Research,Anesthesiologist,0,0,0,,0,0,0,0,0,0,40
Florence Nightingale,1,Medicine,United Kingdom,1,1820,1910,90,0,SS,Medical and Research,Nurse,0,0,0,,0,0,0,0,0,0,45
Alice Ball,1,Medicine,United States,1,1892,1916,24,0,G,Biology and Chemistry,Chemist,0,0,0,,0,0,0,0,0,0,8
Patricia Bath,1,Medicine,United States,1,1942,2019,77,1,D,Medical and Research,Ophthalmologist,0,0,0,,0,0,0,0,0,0,40
Linda Buck,1,Medicine,United States,0,1947,2023,76,0,D,Biology and Chemistry,Biologist,0,0,0,,0,0,0,0,0,0,40
Elizabeth Blackwell,1,Medicine,United States,1,1821,1910,89,0,D,Medical and Research,Physician,0,0,0,,0,0,0,0,0,0,40
Harriet Brooks,1,Medicine,Canada,1,1876,1933,57,0,C,Physics and Math,Physicist,0,0,0,,0,0,0,0,0,0,10
Clara Barton,1,Medicine,United States,1,1821,1912,91,0,SS,Medical and Research,Nurse,0,0,0,,0,0,0,0,0,0,60
Dorothy Hodgkin,1,Medicine,United Kingdom,1,1910,1994,84,1,D,Biology and Chemistry,Chemist,0,0,0,,0,0,0,0,0,0,40
Rachel Carson,1,Medicine,United States,1,1907,1964,57,0,G,Biology and Chemistry,Biologist,0,0,0,,0,0,0,0,0,0,30
Pauline Chen,1,Medicine,United States,0,1966,2023,57,0,D,Medical and Research,Physician,0,0,0,,0,0,0,0,0,0,25
Gerty Cori,1,Medicine,United States,1,1896,1957,61,1,D,Biology and Chemistry,Biochemist,0,0,0,,0,0,0,0,0,0,30
Marie Curie,1,Medicine,Polish-French,1,1867,1934,67,1,D,Physics and Math,Physicist,0,0,0,,0,0,0,0,0,0,40
Gertrude B. Elion,1,Medicine,United States,1,1918,1999,81,0,G,Biology and Chemistry,Pharmacologist,0,0,0,,0,0,0,0,0,0,45
Jane Goodall,1,Medicine,United Kingdom,0,1934,2023,89,1,D,Biology and Chemistry,Primatologist,0,0,0,,0,0,0,0,0,0,60
Mary Edwards Walker,1,Medicine,United States,1,1832,1919,87,1,D,Medical and Research,Surgeon,0,0,0,,0,0,0,0,0,0,40
Alice Hamilton,1,Medicine,United States,1,1869,1970,101,0,D,Medical and Research,Physician,0,0,0,,0,0,0,0,0,0,40
Mae Jemison,1,Medicine,United States,0,1956,2023,67,0,D,Space and Astronomy,Astronaut,0,0,0,,0,0,0,0,0,0,30
Rosalind Franklin,1,Medicine,United Kingdom,1,1920,1958,38,0,D,Biology and Chemistry,Chemist,0,0,0,,0,0,0,0,0,0,15
Barbara McClintock,1,Medicine,United States,1,1902,1992,90,0,D,Biology and Chemistry,Geneticist,0,0,0,,0,0,0,0,0,0,60
May-Britt Moser,1,Medicine,Norway,0,1963,2023,60,1,D,Medical and Research,Neuroscientist,0,0,0,,0,0,0,0,0,0,30
Sunita Williams,1,Medicine,United States,0,1965,2023,58,1,G,Space and Astronomy,Astronaut,0,0,0,,0,0,0,0,0,0,20
Helen Brooke Taussig,1,Medicine,United States,1,1898,1986,88,0,D,Biology and Chemistry,Cardiologist,0,0,0,,0,0,0,0,0,0,40
Elizabeth Blackburn,1,Medicine,Australia,0,1948,2023,75,1,D,Biology and Chemistry,Biologist,0,0,0,,0,0,0,0,0,0,40
Jane C. Wright,1,Medicine,United States,1,1919,2013,94,1,D,Biology and Chemistry,Oncologist,0,0,0,,0,0,0,0,0,0,40
Tu Youyou,1,Medicine,China,0,1930,2023,93,1,G,Biology and Chemistry,Pharmacologist,0,0,0,,0,0,0,0,0,0,50
Bonnie Bassler,1,Medicine,United States,0,1962,2023,61,0,D,Biology and Chemistry,Microbiologist,0,0,0,,0,0,0,0,0,0,30
Maria Sibylla Merian,1,Medicine,Germany,1,1647,1717,70,1,SS,Biology and Chemistry,Naturalist,0,0,0,,0,0,0,0,0,0,50
Mary Anning,1,Medicine,United Kingdom,1,1799,1847,48,0,SS,Biology and Chemistry,Paleontologist,0,0,0,,0,0,0,0,0,0,35
Antonia Novello,1,Medicine,United States,0,1944,2023,79,1,D,Medical and Research,Pediatrician,0,0,0,,0,0,0,0,0,0,40
Florence Sabin,1,Medicine,United States,1,1871,1953,82,0,D,Biology and Chemistry,Anatomist,0,0,0,,0,0,0,0,0,0,40
Ann Preston,1,Medicine,United States,1,1813,1872,59,0,D,Medical and Research,Physician,0,0,0,,0,0,0,0,0,0,20
Joy Bauer,1,Medicine,United States,0,1963,2023,60,1,G,Medical and Research,Nutritionist,0,0,0,,0,0,0,0,0,0,30
Mary Guinan,1,Medicine,United States,0,1943,2023,80,0,D,Medical and Research,Epidemiologist,0,0,0,,0,0,0,0,0,0,40
Regina Benjamin,1,Medicine,United States,0,1956,2023,67,0,D,Medical and Research,Physician,0,0,0,,0,0,0,0,0,0,30
Rosalyn Yalow,1,Medicine,United States,1,1921,2011,90,1,D,Physics and Math,Physicist,0,0,0,,0,0,0,0,0,0,40
Shinya Yamanaka,1,Medicine,Japan,0,1962,2023,61,1,D,Biology and Chemistry,Biologist,0,0,0,,0,0,0,0,0,0,25
Margaret Chan,1,Medicine,China,0,1947,2023,76,1,D,Medical and Research,Epidemiologist,0,0,0,,0,0,0,0,0,0,35
Louis Pasteur,0,Medicine,France,1,1822,1895,73,1,D,Biology and Chemistry,Microbiologist,0,0,0,,0,0,0,0,0,0,45
Alexander Fleming,0,Medicine,United Kingdom,1,1881,1955,74,1,D,Biology and Chemistry,Bacteriologist,0,0,0,,0,0,0,0,0,0,40
William Harvey,0,Medicine,United Kingdom,1,1578,1657,79,1,D,Medical and Research,Physician,0,0,0,,0,0,0,0,0,0,40
Sigmund Freud,0,Medicine,Austrian,1,1856,1939,83,1,D,Psychologist,Psychologist,0,0,0,,0,0,0,0,0,0,40
Jonas Salk,0,Medicine,United States,1,1914,1995,81,1,D,Biology and Chemistry,Virologist,0,0,0,,0,0,0,0,0,0,40
Albert Sabin,0,Medicine,United States,1,1906,1993,87,1,D,Biology and Chemistry,Virologist,0,0,0,,0,0,0,0,0,0,50
Edward Jenner,0,Medicine,United Kingdom,1,1749,1823,74,1,D,Medical and Research,Physician,0,0,0,,0,0,0,0,0,0,40
Andreas Vesalius,0,Medicine,Belgium,1,1514,1564,50,1,D,Biology and Chemistry,Anatomist,0,0,0,,0,0,0,0,0,0,30
Carl Linnaeus,0,Medicine,Sweden,1,1707,1778,71,1,D,Biology and Chemistry,Biologist,0,0,0,,0,0,0,0,0,0,40
Thomas Sydenham,0,Medicine,United Kingdom,1,1624,1689,65,1,D,Medical and Research,Physician,0,0,0,,0,0,0,0,0,0,30
Joseph Lister,0,Medicine,United Kingdom,1,1827,1912,85,1,D,Medical and Research,Surgeon,0,0,0,,0,0,0,0,0,0,40
William Osler,0,Medicine,Canada,1,1849,1919,70,1,D,Medical and Research,Physician,0,0,0,,0,0,0,0,0,0,50
Robert Hooke,0,Medicine,United Kingdom,1,1635,1703,68,0,SS,Medical and Research,Scientist,0,0,0,,0,0,0,0,0,0,30
Christiaan Barnard,0,Medicine,South Africa,1,1922,2001,79,1,D,Medical and Research,Surgeon,0,0,0,,0,0,0,0,0,0,30
Emil von Behring,0,Medicine,Germany,1,1854,1917,63,1,D,Medical and Research,Immunologist,0,0,0,,0,0,0,0,0,0,30
Rudolf Virchow,0,Medicine,Germany,1,1821,1902,81,1,D,Medical and Research,Physician,0,0,0,,0,0,0,0,0,0,50
Antonie van Leeuwenhoek,0,Medicine,Dutch,1,1632,1723,91,1,SS,Biology and Chemistry,Microbiologist,0,0,0,,0,0,0,0,0,0,50
Albert Calmette,0,Medicine,French,1,1863,1933,70,0,D,Medical and Research,Physician,0,0,0,,0,0,0,0,0,0,50
Carl Gustav Jung,0,Medicine,Switzerland,1,1875,1961,86,1,D,Medical and Research,Psychiatrist,0,0,0,,0,0,0,0,0,0,60
Claude Bernard,0,Medicine,France,1,1813,1878,65,1,C,Biology and Chemistry,Physiologist,0,0,0,,0,0,0,0,0,0,40
Albert Schweitzer,0,Medicine,France,1,1875,1965,90,1,D,Medical and Research,Physician,0,0,0,,0,0,0,0,0,0,50
Frederick Banting,0,Medicine,Canada,1,1891,1941,50,1,D,Medical and Research,Scientist,0,0,0,,0,0,0,0,0,0,25
Charles Drew,0,Medicine,United States,1,1904,1950,46,1,D,Medical and Research,Surgeon,0,0,0,,0,0,0,0,0,0,30
Harvey Cushing,0,Medicine,United States,1,1869,1939,70,1,D,Medical and Research,Neurosurgeon,0,0,0,,0,0,0,0,0,0,50
Christian Doppler,0,Medicine,Austria,1,1803,1853,50,1,D,Physics and Math,Physicist,0,0,0,,0,0,0,0,0,0,30
Francis Crick,0,Medicine,United Kingdom,1,1916,2004,88,1,D,Biology and Chemistry,Biologist,0,0,0,,0,0,0,0,0,0,40
James Parkinson,0,Medicine,United Kingdom,1,1755,1824,69,1,D,Medical and Research,Physician,0,0,0,,0,0,0,0,0,0,40
William Morton,0,Medicine,United States,1,1819,1868,49,1,D,Medical and Research,Dentist,0,0,0,,0,0,0,0,0,0,30
Joseph Murray,0,Medicine,United States,1,1919,2012,93,1,D,Medical and Research,Surgeon,0,0,0,,0,0,0,0,0,0,40
Walter Cannon,0,Medicine,United States,1,1871,1945,74,1,D,Biology and Chemistry,Physiologist,0,0,0,,0,0,0,0,0,0,40
Robert Edwards,0,Medicine,United Kingdom,1,1925,2013,88,1,D,Biology and Chemistry,Physiologist,0,0,0,,0,0,0,0,0,0,50
David Ho,0,Medicine,United States,0,1952,2023,71,1,D,Medical and Research,Physician,0,0,0,,0,0,0,0,0,0,35
Christian de Duve,0,Medicine,Belgium,1,1917,2013,96,1,D,Biology and Chemistry,Biochemist,0,0,0,,0,0,0,0,0,0,60
Albert Einstein,0,Medicine,Germany,1,1879,1955,76,1,D,Physics and Math,Physicist,0,0,0,,0,0,0,0,0,0,50
Charles Darwin,0,Medicine,United Kingdom,1,1809,1882,73,1,C,Biology and Chemistry,Naturalist,0,0,0,,0,0,0,0,0,0,40
David Attenborough,0,Medicine,United Kingdom,0,1926,2023,97,1,C,Biology and Chemistry,Broadcaster,0,0,0,,0,0,0,0,0,0,70
Isaac Newton,0,Medicine,United Kingdom,1,1643,1727,84,0,G,Physics and Math,Physicist,0,0,0,,0,0,0,0,0,0,60
Stephen Hawking,0,Medicine,United Kingdom,1,1942,2018,76,1,D,Physics and Math,Physicist,0,0,0,,0,0,0,0,0,0,50
John Snow,0,Medicine,United Kingdom,1,1813,1858,45,0,D,Medical and Research,Physician,0,0,0,,0,0,0,0,0,0,20
Charles Pfizer,0,Medicine,Germany,1,1824,1906,82,1,SS,Medical and Research,Company Founder,0,0,0,,0,0,0,0,0,0,40
Derrick Rossi,0,Medicine,Canada,0,1966,2023,57,0,D,Medical and Research,Scientist,0,0,0,,0,0,0,0,0,0,20
Robert Langer,0,Medicine,United States,0,1948,2023,75,1,D,Biology and Chemistry,Biomedical Engineer,0,0,0,,0,0,0,0,0,0,40
Yuan Longping,0,Medicine,China,1,1930,2021,91,1,G,Biology and Chemistry,Agronomist,0,0,0,,0,0,0,0,0,0,50
Serena Williams,1,Sports,United States,0,1981,2023,42,1,U,Racquet sports,Tennis,1,4,1,,0,0,0,0,0,0,26
Marta Vieira da Silva,1,Sports,Brazil,0,1986,2023,37,0,U,Team sports,Soccer,1,0,1,,0,0,0,0,0,0,21
Ronda Rousey,1,Sports,United States,0,1987,2023,36,1,H,Physical sports,Wrestling,1,0,0,,0,0,0,0,0,0,8
Danica Patrick,1,Sports,United States,0,1982,2023,41,0,H,Physical sports,Racing,0,0,0,,0,0,0,0,0,0,13
Billie Jean King,1,Sports,United States,0,1943,2023,80,1,C,Racquet sports,Tennis,0,0,0,,0,0,0,0,0,0,23
Jackie Joyner-Kersee,1,Sports,United States,0,1962,2023,61,1,C,Physical sports,Athletics,1,3,0,,0,0,0,0,0,0,16
Venus Williams,1,Sports,United States,0,1980,2023,43,0,C,Racquet sports,Tennis,1,4,1,,0,0,0,0,0,0,26
Abby Wambach,1,Sports,United States,0,1980,2023,43,1,C,Team sports,Soccer,1,1,0,,0,0,0,0,0,0,15
Nadia Comaneci,1,Sports,Romania,0,1961,2023,62,1,C,Physical sports,Gymnastics,1,5,0,,0,0,0,0,0,0,14
Steffi Graf,1,Sports,Germany,0,1969,2023,54,1,H,Racquet sports,Tennis,1,1,0,,0,0,0,0,0,0,17
Hope Solo,1,Sports,United States,0,1981,2023,42,1,C,Team sports,Soccer,1,2,0,,0,0,0,0,0,0,20
Florence Griffith Joyner,1,Sports,United States,1,1959,1998,39,1,C,Physical sports,Track and Field,1,3,0,,0,0,0,0,0,0,9
Carli Lloyd,1,Sports,United States,0,1982,2023,41,1,C,Team sports,Soccer,1,2,1,,0,0,0,0,0,0,20
Diana Taurasi,1,Sports,United States,0,1982,2023,41,1,C,Team sports,Basketball,1,4,1,,0,0,0,0,0,0,17
Martina Hingis,1,Sports,Switzerland,0,1980,2023,43,1,U,Racquet sports,Tennis,1,0,0,,0,0,0,0,0,0,23
Sanya Richards-Ross,1,Sports,United States,0,1962,2023,61,1,C,Physical sports,Track and Field,1,1,0,,0,0,0,0,0,0,13
Yelena Isinbayeva,1,Sports,Russia,0,1982,2023,41,1,C,Physical sports,Pole Vault,1,2,0,,0,0,0,0,0,0,12
Annika Sorenstam,1,Sports,Sweden,0,1970,2023,53,1,C,Target sports,Golf,0,0,0,,0,0,0,0,0,0,16
Marion Jones,1,Sports,United States,0,1975,2023,48,1,C,Physical sports,Track and Field,1,0,0,,0,0,0,0,0,0,11
Peggy Fleming,1,Sports,United States,0,1948,2023,75,1,U,Physical sports,Figure Skating,0,1,0,,0,0,0,0,0,0,7
Saina Nehwal,1,Sports,India,0,1990,2023,33,0,C,Racquet sports,Badminton,0,0,1,,0,0,0,0,0,0,17
Sarah Hughes,1,Sports,United States,0,1985,2023,38,0,C,Physical sports,Figure Skating,0,1,0,,0,0,0,0,0,0,6
Kim Yuna,1,Sports,South Korea,0,1990,2023,33,0,C,Physical sports,Figure Skating,1,1,0,,0,0,0,0,0,0,15
Lindsay Davenport,1,Sports,United States,0,1976,2023,47,1,U,Racquet sports,Tennis,1,1,0,,0,0,0,0,0,0,18
Nancy Kerrigan,1,Sports,United States,0,1969,2023,54,1,C,Physical sports,Figure Skating,1,0,0,,0,0,0,0,0,0,10
Elena Delle Donne,1,Sports,United States,0,1989,2023,34,1,C,Team sports,Basketball,0,0,1,,0,0,0,0,0,0,9
Jackie Silva,1,Sports,Brazil,0,1962,2023,61,0,U,Team sports,Beach Volleyball,1,1,0,,0,0,0,0,0,0,20
Helle Nielsen,1,Sports,Denmark,0,1969,2023,54,0,U,Racquet sports,Badminton,0,0,0,,0,0,0,0,0,0,15
Ana Ivanovic,1,Sports,Serbia,0,1987,2023,36,1,U,Racquet sports,Tennis,1,0,0,,0,0,0,0,0,0,13
Gevrise Emane,1,Sports,France,0,1982,2023,41,0,U,Physical sports,Judo,1,0,0,,0,0,0,0,0,0,14
Carolina Marin,1,Sports,Spain,0,1993,2023,30,0,U,Racquet sports,Badminton,0,1,1,,0,0,0,0,0,0,13
Nicola Adams,1,Sports,United Kingdom,0,1982,2023,41,1,U,Physical sports,Boxing,1,2,0,,0,0,0,0,0,0,9
Allyson Felix,1,Sports,United States,0,1985,2023,38,1,C,Physical sports,Track and Field,1,7,1,,0,0,0,0,0,0,18
Simone Biles,1,Sports,United States,0,1997,2023,26,0,C,Physical sports,Gymnastics,1,4,1,,0,0,0,0,0,0,8
Naomi Osaka,1,Sports,Japan,0,1997,2023,26,0,U,Racquet sports,Tennis,1,0,1,,0,0,0,0,0,0,7
Katie Ledecky,1,Sports,United States,0,1997,2023,26,0,C,Physical sports,Swimming,1,7,1,,0,0,0,0,0,0,9
Zhu Ting,1,Sports,China,0,1994,2023,29,0,C,Racquet sports,Table Tennis,1,1,1,,0,0,0,0,0,0,7
Ding Ning,1,Sports,China,0,1990,2023,33,0,C,Racquet sports,Table Tennis,1,3,1,,0,0,0,0,0,0,14
Zhang Yining,1,Sports,China,0,1982,2023,41,1,C,Racquet sports,Table Tennis,1,4,0,,0,0,0,0,0,0,10
Ai Fukuhara,1,Sports,Japan,0,1988,2023,35,1,U,Racquet sports,Table Tennis,1,0,0,,0,0,0,0,0,0,16
Kristin Otto,1,Sports,Japan,0,1966,2023,57,0,C,Physical sports,Swimming,1,6,0,,0,0,0,0,0,0,7
Lindsey Vonn,1,Sports,United States,0,1984,2023,39,0,H,Physical sports,Skiing,1,0,0,,0,0,0,0,0,0,19
Kerri Walsh Jennings,1,Sports,United States,0,1978,2023,45,1,C,Team sports,Volleyball,1,3,1,,0,0,0,0,0,0,21
Regla Torres,1,Sports,Cuba,0,1975,2023,48,0,U,Team sports,Volleyball,1,3,0,,0,0,0,0,0,0,8
Mia Hamm,1,Sports,United States,0,1972,2023,51,1,C,Team sports,Soccer,1,2,0,,0,0,0,0,0,0,17
Guo Jingjing,1,Sports,China,0,1981,2023,42,1,C,Target sports,Diving,1,4,0,,0,0,0,0,0,0,12
Wu Minxia,1,Sports,China,0,1985,2023,38,0,C,Target sports,Diving,1,5,0,,0,0,0,0,0,0,14
Valentina Vezzali,1,Sports,Italy,0,1974,2023,49,1,C,Physical sports,Fencing,1,6,0,,0,0,0,0,0,0,24
Inbee Park,1,Sports,Korea,0,1988,2023,35,1,C,Target sports,Golf,1,1,1,,0,0,0,0,0,0,16
Kim Rhode,1,Sports,United States,0,1979,2023,44,1,C,Target sports,Shooting,1,3,1,,0,0,0,0,0,0,26
Kamila Valieva,1,Sports,Russia,0,2006,2023,17,0,H,Physical sports,Figure Skating,0,0,1,,0,0,0,0,0,0,3
Michael Jordan,0,Sports,United States,0,1963,2023,60,1,C,Team sports,Basketball,1,2,0,,0,0,0,0,0,0,19
Muhammad Ali,0,Sports,United States,1,1942,2016,74,1,H,Physical sports,Boxing,1,1,0,,0,0,0,0,0,0,21
Cristiano Ronaldo,0,Sports,Portugal,0,1985,2023,38,0,H,Team sports,Soccer,1,0,1,,0,0,0,0,0,0,19
Lionel Messi,0,Sports,Argentina,0,1987,2023,36,1,H,Team sports,Soccer,1,0,1,,0,0,0,0,0,0,18
Usain Bolt,0,Sports,Jamaica,0,1986,2023,37,0,C,Physical sports,Track and Field,1,8,0,,0,0,0,0,0,0,15
Michael Phelps,0,Sports,United States,0,1985,2023,38,1,C,Physical sports,Swimming,1,23,0,,0,0,0,0,0,0,16
LeBron James,0,Sports,United States,0,1984,2023,39,1,H,Team sports,Basketball,1,2,1,,0,0,0,0,0,0,19
Roger Federer,0,Sports,Switzerland,0,1981,2023,42,1,H,Racquet sports,Tennis,1,1,1,,0,0,0,0,0,0,24
Tiger Woods,0,Sports,United States,0,1975,2023,48,1,C,Target sports,Golf,0,0,1,,0,0,0,0,0,0,25
Tom Brady,0,Sports,United States,0,1977,2023,46,1,C,Team sports,American Football,0,0,1,,0,0,0,0,0,0,22
Kobe Bryant,0,Sports,United States,1,1978,2020,42,1,H,Team sports,Basketball,1,2,0,,0,0,0,0,0,0,20
Rafael Nadal,0,Sports,Spain,0,1986,2023,37,0,H,Racquet sports,Tennis,1,2,1,,0,0,0,0,0,0,20
Novak Djokovic,0,Sports,Serbia,0,1987,2023,36,1,H,Racquet sports,Tennis,1,0,1,,0,0,0,0,0,0,18
Michael Schumacher,0,Sports,Germany,0,1969,2023,54,1,H,Physical sports,Formula 1,0,0,0,,0,0,0,0,0,0,15
Wayne Gretzky,0,Sports,Canada,0,1961,2023,62,1,H,Team sports,Ice Hockey,0,0,0,,0,0,0,0,0,0,20
Sachin Tendulkar,0,Sports,India,0,1973,2023,50,1,H,Team sports,Cricket,0,0,0,,0,0,0,0,0,0,24
Michael Johnson,0,Sports,United States,0,1967,2023,56,1,C,Physical sports,Track and Field,1,4,0,,0,0,0,0,0,0,12
Carl Lewis,0,Sports,United States,0,1961,2023,62,1,C,Physical sports,Track and Field,1,9,0,,0,0,0,0,0,0,17
Roger Bannister,0,Sports,United Kingdom,1,1929,2018,89,1,G,Physical sports,Track and Field,0,0,0,,0,0,0,0,0,0,7
Michael Owen,0,Sports,United Kingdom,0,1979,2023,44,1,H,Team sports,Soccer,0,0,0,,0,0,0,0,0,0,16
Andre Agassi,0,Sports,United States,0,1970,2023,53,1,H,Racquet sports,Tennis,1,1,0,,0,0,0,0,0,0,20
Johan Cruyff,0,Sports,Netherlands,1,1947,2016,69,1,H,Team sports,Soccer,0,0,0,,0,0,0,0,0,0,17
Lewis Hamilton,0,Sports,United Kingdom,0,1985,2023,38,0,H,Physical sports,Formula 1,0,0,1,,0,0,0,0,0,0,16
Neymar Jr.,0,Sports,Brazil,0,1992,2023,31,0,H,Team sports,Soccer,1,1,1,,0,0,0,0,0,0,13
Stephen Curry,0,Sports,United States,0,1988,2023,35,1,C,Team sports,Basketball,0,0,1,,0,0,0,0,0,0,13
Yao Ming,0,Sports,China,0,1980,2023,43,1,C,Team sports,Basketball,1,0,0,,0,0,0,0,0,0,13
Yi Jianlian,0,Sports,China,0,1987,2023,36,1,H,Team sports,Basketball,1,0,1,,0,0,0,0,0,0,18
Kevin Durant,0,Sports,United States,0,1988,2023,35,0,C,Team sports,Basketball,1,2,1,,0,0,0,0,0,0,15
Canelo Alvarez,0,Sports,Mexico,0,1990,2023,33,0,H,Physical sports,Boxing,1,0,1,,0,0,0,0,0,0,17
Virgil van Dijk,0,Sports,Netherlands,0,1991,2023,32,1,H,Team sports,Soccer,0,0,1,,0,0,0,0,0,0,14
Jimmy Butler,0,Sports,United States,0,1989,2023,34,0,C,Team sports,Basketball,1,0,1,,0,0,0,0,0,0,10
Ciro Immobile,0,Sports,Italy,0,1990,2023,33,1,H,Team sports,Soccer,0,0,1,,0,0,0,0,0,0,14
Ma Long,0,Sports,China,0,1988,2023,35,0,C,Racquet sports,Table Tennis,1,3,1,,0,0,0,0,0,0,16
Fan Zhendong,0,Sports,China,0,1997,2023,26,0,H,Racquet sports,Table Tennis,1,1,1,,0,0,0,0,0,0,9
Pel√©,0,Sports,Brazil,0,1940,2023,83,1,H,Team sports,Soccer,0,0,0,,0,0,0,0,0,0,21
Lin Dan,0,Sports,China,0,1983,2023,40,1,C,Racquet sports,Badminton,1,2,0,,0,0,0,0,0,0,20
Lee Chong Wei,0,Sports,Malaysia,0,1982,2023,41,1,C,Racquet sports,Badminton,1,0,0,,0,0,0,0,0,0,19
David Beckham,0,Sports,United Kingdom,0,1975,2023,48,1,H,Team sports,Soccer,0,0,0,,0,0,0,0,0,0,21
Ian Thorpe,0,Sports,Australia,0,1982,2023,41,0,C,Physical sports,Swimming,1,5,0,,0,0,0,0,0,0,9
Dan Gable,0,Sports,United States,0,1948,2023,75,1,C,Physical sports,Wrestling,1,1,0,,0,0,0,0,0,0,7
Chris Hoy,0,Sports,United Kingdom,0,1976,2023,47,1,C,Target sports,Cycling,1,6,0,,0,0,0,0,0,0,19
Sun Yang,0,Sports,China,0,1991,2023,32,0,C,Physical sports,Swimming,1,3,1,,0,0,0,0,0,0,15
Ryan Lochte,0,Sports,United States,0,1984,2023,39,0,C,Physical sports,Swimming,1,6,1,,0,0,0,0,0,0,18
Scott Hamilton,0,Sports,United States,0,1958,2023,65,1,C,Physical sports,Figure Skating,0,0,0,,0,0,0,0,0,0,8
Yuzuru Hanyu,0,Sports,Japan,0,1994,2023,29,0,C,Physical sports,Figure Skating,1,2,1,,0,0,0,0,0,0,14
Nathan Chen,0,Sports,United States,0,1999,2023,24,0,C,Physical sports,Figure Skating,1,0,1,,0,0,0,0,0,0,6
Karch Kiraly,0,Sports,United States,0,1960,2023,63,1,C,Team sports,Volleyball,1,2,0,,0,0,0,0,0,0,20
Yang Haoran,0,Sports,China,0,1996,2023,27,0,C,Target sports,Shooting,1,1,1,,0,0,0,0,0,0,8
William Shaner,0,Sports,United States,0,2001,2023,22,0,C,Target sports,Shooting,1,1,1,,0,0,0,0,0,0,3
Hillary Clinton,1,Politics,United States,0,1947,2023,76,1,G,,Secretary of State,0,0,0,Democrat,0,0,0,0,0,12,0
Nancy Pelosi,1,Politics,United States,0,1940,2023,83,1,C,,Speaker of the House,0,0,0,Democrat,0,0,0,0,0,35,0
Alexandria Ocasio-Cortez,1,Politics,United States,0,1989,2023,34,0,C,,Congresswoman,0,0,0,Democrat,0,0,0,0,0,4,0
Michelle Obama,1,Politics,United States,0,1964,2023,59,1,G,,First Lady,0,0,0,Democrat,0,0,0,0,0,8,0
Shirley Chisholm,1,Politics,United States,1,1924,2005,81,1,C,,Congresswoman,0,0,0,Democrat,0,0,0,0,0,14,0
Barbara Jordan,1,Politics,United States,1,1936,1996,60,0,C,,Congresswoman,0,0,0,Democrat,0,0,0,0,0,6,0
Rosa Parks,1,Politics,United States,1,1913,2005,92,1,U,,Civil Rights Activist,0,0,0,,0,0,0,0,0,0,0
Eleanor Roosevelt,1,Politics,United States,1,1884,1962,78,1,C,,First Lady,0,0,0,Democrat,0,0,0,0,0,12,0
Sarah Palin,1,Politics,United States,0,1964,2023,59,1,C,,Governor,0,0,0,Republican,0,0,0,0,0,10,0
Nancy Reagan,1,Politics,United States,1,1921,2016,95,1,C,,First Lady,0,0,0,Republican,0,0,0,0,0,8,0
Ilhan Omar,1,Politics,United States,0,1982,2023,41,1,G,,Congresswoman,0,0,0,Democrat,0,0,0,0,0,5,0
Amy Klobuchar,1,Politics,United States,0,1960,2023,63,1,G,,Senator,0,0,0,Democrat,0,0,0,0,0,16,0
Tulsi Gabbard,1,Politics,United States,0,1981,2023,42,1,G,,Congresswoman,0,0,0,Democrat,0,0,0,0,0,10,0
Susan Collins,1,Politics,United States,0,1952,2023,71,0,G,,Senator,0,0,0,Republican,0,0,0,0,0,25,0
Lisa Murkowski,1,Politics,United States,0,1957,2023,66,1,G,,Senator,0,0,0,Republican,0,0,0,0,0,19,0
Mary McLeod Bethune,1,Politics,United States,1,1875,1955,80,1,C,,Educator/Activist,0,0,0,,0,0,0,0,0,0,0
Helen Keller,1,Politics,United States,1,1880,1968,88,0,C,,Author/Activist,0,0,0,Socialist,0,0,0,0,0,0,0
Frances Perkins,1,Politics,United States,1,1880,1965,85,0,C,,Secretary of Labor,0,0,0,Democrat,0,0,0,0,0,12,0
Janet Napolitano,1,Politics,United States,0,1957,2023,66,0,G,,Secretary of Homeland Security,0,0,0,Democrat,0,0,0,0,0,17,0
Linda S√°nchez,1,Politics,United States,0,1969,2023,54,0,C,,Congresswoman,0,0,0,Democrat,0,0,0,0,0,20,0
Linda McMahon,1,Politics,United States,0,1948,2023,75,1,C,,SBA Administrator,0,0,0,Republican,0,0,0,0,0,4,0
Helle Thorning-Schmidt,1,Politics,Denmark,0,1966,2023,57,1,G,,Prime Minister,0,0,0,Social Democrats,0,0,0,0,0,14,0
Ellen Johnson Sirleaf,1,Politics,Liberia,0,1938,2023,85,1,G,,President,0,0,0,Unity,0,0,0,0,0,12,0
Aung San Suu Kyi,1,Politics,Myanmar,0,1945,2023,78,1,C,,State Counsellor,0,0,0,National League for Democracy,0,0,0,0,0,10,0
Michelle Bachelet,1,Politics,Chile,0,1951,2023,72,1,C,,President,0,0,0,Socialist,0,0,0,0,0,9,0
Judy Smith,1,Politics,United States,0,1958,2023,65,0,G,,Crisis Manager,0,0,0,,0,0,0,0,0,0,0
Loretta Lynch,1,Politics,United States,0,1959,2023,64,0,G,,Attorney General,0,0,0,Democrat,0,0,0,0,0,2,0
Park Geun-hye,1,Politics,South Korea,0,1952,2023,71,0,G,,President,0,0,0,Saenuri/Conservative,0,0,0,0,0,20,0
Theresa May,1,Politics,United Kingdom,0,1956,2023,67,1,G,,Prime Minister,0,0,0,Conservative,0,0,0,0,0,22,0
Erna Solberg,1,Politics,Norway,0,1961,2023,62,1,C,,Prime Minister,0,0,0,Conservative,0,0,0,0,0,32,0
Beata Szyd≈Ço,1,Politics,Poland,0,1963,2023,60,1,C,,Prime Minister,0,0,0,Law and Justice,0,0,0,0,0,6,0
Kamala Harris,1,Politics,United States,0,1964,2023,59,1,G,,Vice President,0,0,0,Democrat,0,0,0,0,0,12,0
Condoleezza Rice,1,Politics,United States,0,1954,2023,69,0,D,,Secretary of State,0,0,0,Republican,0,0,0,0,0,8,0
Jacinda Ardern,1,Politics,New Zealand,0,1980,2023,43,1,G,,Prime Minister,0,0,0,Labour,0,0,0,0,0,10,0
Madeleine Albright,1,Politics,United States,1,1937,2022,85,1,G,,Secretary of State,0,0,0,Democrat,0,0,0,0,0,8,0
Emmeline Pankhurst,1,Politics,United Kingdom,1,1858,1928,70,1,U,,Suffragette,0,0,0,Suffragette,0,0,0,0,0,0,0
Queen Elizabeth II,1,Politics,United Kingdom,0,1926,2023,97,1,U,,Queen,0,0,0,,0,0,0,0,0,70,0
Peng Liyuan,1,Politics,China,0,1962,2023,61,1,C,,First Lady,0,0,0,Communist,0,0,0,0,0,0,0
Margaret Thatcher,1,Politics,United Kingdom,1,1925,2013,88,1,C,,Prime Minister,0,0,0,Conservative,0,0,0,0,0,34,0
Liz Truss,1,Politics,United Kingdom,0,1975,2023,48,1,G,,Foreign Secretary,0,0,0,Conservative,0,0,0,0,0,10,0
Hattie Caraway,1,Politics,United States,1,1878,1950,72,1,C,,Senator,0,0,0,Democrat,0,0,0,0,0,14,0
Julia Gillard,1,Politics,Australia,0,1961,2023,62,0,C,,Prime Minister,0,0,0,Labour,0,0,0,0,0,15,0
Laura Chinchilla,1,Politics,Costa Rica,0,1959,2023,64,1,G,,President,0,0,0,PLN,0,0,0,0,0,4,0
Tarja Halonen,1,Politics,Finland,0,1943,2023,80,1,G,,President,0,0,0,Social Democrat,0,0,0,0,0,12,0
George Washington,0,Politics,United States,1,1732,1799,67,1,U,,President,0,0,0,,0,0,0,0,0,8,0
Abraham Lincoln,0,Politics,United States,1,1809,1865,56,1,H,,President,0,0,0,Republican,0,0,0,0,0,4,0
Thomas Jefferson,0,Politics,United States,1,1743,1826,83,1,C,,President,0,0,0,Republican,0,0,0,0,0,8,0
Franklin D. Roosevelt,0,Politics,United States,1,1882,1945,63,1,C,,President,0,0,0,Democrat,0,0,0,0,0,12,0
John F. Kennedy,0,Politics,United States,1,1917,1963,46,1,C,,President,0,0,0,Democrat,0,0,0,0,0,3,0
Ronald Reagan,0,Politics,United States,1,1911,2004,93,1,C,,President,0,0,0,Republican,0,0,0,0,0,8,0
Barack Obama,0,Politics,United States,0,1961,2023,62,1,G,,President,0,0,0,Democrat,0,0,0,0,0,8,0
Bill Clinton,0,Politics,United States,0,1946,2023,77,1,G,,President,0,0,0,Democrat,0,0,0,0,0,8,0
George W. Bush,0,Politics,United States,0,1946,2023,77,1,G,,President,0,0,0,Republican,0,0,0,0,0,8,0
Donald Trump,0,Politics,United States,0,1946,2023,77,1,C,,President,0,0,0,Republican,0,0,0,0,0,4,0
Joe Biden,0,Politics,United States,0,1942,2023,81,1,C,,President,0,0,0,Democrat,0,0,0,0,0,49,0
Benjamin Franklin,0,Politics,United States,1,1706,1790,84,1,U,,Founding Father,0,0,0,Federalist,0,0,0,0,0,0,0
Alexander Hamilton,0,Politics,United States,1,1755,1804,49,1,C,,Founding Father,0,0,0,Federalist,0,0,0,0,0,5,0
Andrew Jackson,0,Politics,United States,1,1767,1845,78,1,H,,President,0,0,0,Democrat,0,0,0,0,0,16,0
Theodore Roosevelt,0,Politics,United States,1,1858,1919,61,1,C,,President,0,0,0,Republican,0,0,0,0,0,8,0
John Adams,0,Politics,United States,1,1735,1826,91,1,C,,President,0,0,0,Federalist,0,0,0,0,0,34,0
Richard Nixon,0,Politics,United States,1,1913,1994,81,1,G,,President,0,0,0,Republican,0,0,0,0,0,30,0
Jimmy Carter,0,Politics,United States,0,1924,2023,99,1,C,,President,0,0,0,Democrat,0,0,0,0,0,14,0
Woodrow Wilson,0,Politics,United States,1,1856,1924,68,1,D,,President,0,0,0,Democrat,0,0,0,0,0,8,0
Ulysses S. Grant,0,Politics,United States,1,1822,1885,63,1,C,,President,0,0,0,Republican,0,0,0,0,0,8,0
Andrew Johnson,0,Politics,United States,1,1808,1875,67,1,U,,President,0,0,0,Democrat,0,0,0,0,0,47,0
Chester A. Arthur,0,Politics,United States,1,1829,1886,57,1,C,,President,0,0,0,Republican,0,0,0,0,0,18,0
Franklin Pierce,0,Politics,United States,1,1804,1869,65,1,C,,President,0,0,0,Democrat,0,0,0,0,0,19,0
Samuel Adams,0,Politics,United States,1,1722,1803,81,1,C,,Founding Father,0,0,0,Federalist,0,0,0,0,0,47,0
John Jay,0,Politics,United States,1,1745,1829,84,1,C,,Founding Father,0,0,0,Federalist,0,0,0,0,0,26,0
Henry Clay,0,Politics,United States,1,1777,1852,75,1,U,,Statesman,0,0,0,Whig,0,0,0,0,0,46,0
John C. Calhoun,0,Politics,United States,1,1782,1850,68,1,C,,Statesman,0,0,0,Democrat,0,0,0,0,0,40,0
Stephen A. Douglas,0,Politics,United States,1,1813,1861,48,1,U,,Statesman,0,0,0,Democrat,0,0,0,0,0,23,0
John Kerry,0,Politics,United States,0,1943,2023,80,1,G,,Secretary,0,0,0,Democrat,0,0,0,0,0,36,0
Al Gore,0,Politics,United States,0,1948,2023,75,1,C,,Vice President,0,0,0,Democrat,0,0,0,0,0,24,0
Bernie Sanders,0,Politics,United States,0,1941,2023,82,1,C,,Senator,0,0,0,Democrat-Socialist,0,0,0,0,0,41,0
Marco Rubio,0,Politics,United States,0,1971,2023,52,1,G,,Senator,0,0,0,Republican,0,0,0,0,0,23,0
Nelson Mandela,0,Politics,South Africa,1,1918,2013,95,1,G,,President,0,0,0,ANC,0,0,0,0,0,5,0
Mao Zedong,0,Politics,China,1,1893,1976,83,1,SS,,Chairman,0,0,0,Communist,0,0,0,0,0,27,0
Jiang Zemin,0,Politics,China,0,1926,2023,97,1,C,,President,0,0,0,Communist,0,0,0,0,0,13,0
Vladimir Putin,0,Politics,Russia,0,1952,2023,71,1,G,,President,0,0,0,United Russia,0,0,0,0,0,23,0
Benito Mussolini,0,Politics,Italy,1,1883,1945,62,1,H,,Dictator,0,0,0,Fascist,0,0,0,0,0,21,0
Winston Churchill,0,Politics,United Kingdom,1,1874,1965,91,1,H,,Prime Minister,0,0,0,Conservative,0,0,0,0,0,55,0
Nikita Khrushchev,0,Politics,Russia,1,1894,1971,77,1,SS,,Premier,0,0,0,Communist,0,0,0,0,0,19,0
Adolf Hitler,0,Politics,Germany,1,1889,1945,56,0,H,,Chancellor,0,0,0,Nazi,0,0,0,0,0,12,0
Genghis Khan,0,Politics,Mongolia,1,1162,1227,65,1,U,,Emperor,0,0,0,,0,0,0,0,0,0,0
David Cameron,0,Politics,United Kingdom,0,1966,2023,57,1,G,,Prime Minister,0,0,0,Conservative,0,0,0,0,0,15,0
Napoleon Bonaparte,0,Politics,France,1,1769,1821,52,1,C,,Emperor,0,0,0,,0,0,0,0,0,17,0
Jawaharlal Nehru,0,Politics,India,1,1889,1964,75,1,G,,Prime Minister,0,0,0,Indian National Congress,0,0,0,0,0,60,0
Vladimir Lenin,0,Politics,Russia,1,1870,1924,54,0,G,,Premier,0,0,0,Communist,0,0,0,0,0,7,0
Angela Merkel,0,Politics,Germany,0,1954,2023,69,0,D,,Chancellor,0,0,0,CDU,0,0,0,0,0,32,0
Xi Jinping,0,Politics,China,0,1953,2023,70,1,G,,President,0,0,0,Communist,0,0,0,0,0,26,0
Emmanuel Macron,0,Politics,France,0,1977,2023,46,1,G,,President,0,0,0,LREM,0,0,0,0,0,9,0
Justin Trudeau,0,Politics,Canada,0,1971,2023,52,1,G,,Prime Minister,0,0,0,Liberal,0,0,0,0,0,14,0
Boris Johnson,0,Politics,United Kingdom,0,1964,2023,59,1,G,,Prime Minister,0,0,0,Conservative,0,0,0,0,0,14,0
Shinz≈ç Abe,0,Politics,Japan,0,1954,2023,69,1,G,,Prime Minister,0,0,0,LDP,0,0,0,0,0,24,0
Scott Morrison,0,Politics,Australia,0,1968,2023,55,1,C,,Prime Minister,0,0,0,Liberal,0,0,0,0,0,15,0
Jair Bolsonaro,0,Politics,Brazil,0,1955,2023,68,1,C,,President,0,0,0,NOVO,0,0,0,0,0,32,0
Kim Jong-un,0,Politics,North Korea,0,1984,2023,39,1,U,,Supreme Leader,0,0,0,Communist,0,0,0,0,0,12,0
Sandra Day O‚ÄôConnor,1,Law,United States,0,1930,2023,93,1,G,,Justice,0,0,0,Republican,0,0,0,0,0,24,0
Sonia Sotomayor,1,Law,United States,0,1954,2023,69,0,G,,Justice,0,0,0,Democrat,0,0,0,0,0,13,0
Elena Kagan,1,Law,United States,0,1960,2023,63,0,G,,Justice,0,0,0,Democrat,0,0,0,0,0,12,0
Janet Reno,1,Law,United States,1,1938,2016,78,0,G,,Lawyer,0,0,0,Democrat,0,0,0,0,0,0,0
Harriet Tubman,1,Law,United States,1,1822,1913,91,1,U,,Abolitionist,0,0,0,Republican,0,0,0,0,0,0,0
Sojourner Truth,1,Law,United States,1,1797,1883,86,1,U,,Abolitionist,0,0,0,,0,0,0,0,0,0,0
Dorothy Height,1,Law,United States,1,1912,2010,98,0,C,,Activist,0,0,0,Democrat,0,0,0,0,0,0,0
Coretta Scott King,1,Law,United States,1,1927,2006,79,1,C,,Activist,0,0,0,Democrat,0,0,0,0,0,0,0
Margaret Sanger,1,Law,United States,1,1879,1966,87,1,C,,Activist,0,0,0,Socialist,0,0,0,0,0,0,0
Betty Friedan,1,Law,United States,1,1921,2006,85,1,G,,Activist,0,0,0,Democrat,0,0,0,0,0,0,0
Gloria Steinem,1,Law,United States,0,1934,2023,89,1,G,,Journalist,0,0,0,Democrat,0,0,0,0,0,0,0
Angela Davis,1,Law,United States,0,1944,2023,79,0,G,,Activist,0,0,0,Communist,0,0,0,0,0,0,0
Bella Abzug,1,Law,United States,1,1920,1998,78,1,G,,Politician,0,0,0,Democrat,0,0,0,0,0,0,0
Florence Ellinwood Allen,1,Law,United States,1,1884,1966,82,0,G,,Justice,0,0,0,Democrat,0,0,0,0,0,32,0
Conchita Carpio-Morales,1,Law,Philippines,0,1941,2023,82,1,G,,Activist,0,0,0,,0,0,0,0,0,17,0
Cornelia Sorabji,1,Law,India,1,1866,1954,88,0,G,,Lawyer,0,0,0,,0,0,0,0,0,0,0
Margaret Marshall,1,Law,South Africa,0,1944,2023,79,1,G,,Justice,0,0,0,Democrat,0,0,0,0,0,16,0
Belva Lockwood,1,Law,United States,1,1830,1917,87,1,G,,Lawyer,0,0,0,,0,0,0,0,0,0,0
Maria Lourdes Sereno,1,Law,Philippines,0,1960,2023,63,1,G,,Justice,0,0,0,,0,0,0,0,0,7,0
Shirin Ebadi,1,Law,Iran,0,1947,2023,76,1,G,,Lawyer,0,0,0,,0,0,0,0,0,0,0
Mary Stallings Coleman,1,Law,United States,0,1949,2023,74,1,G,,Justice,0,0,0,Republican,0,0,0,0,0,16,0
Charlotte E. Ray,1,Law,United States,1,1850,1911,61,1,G,,Lawyer,0,0,0,,0,0,0,0,0,0,0
Gloria Allred,1,Law,United States,0,1941,2023,82,1,G,,Lawyer,0,0,0,Democrat,0,0,0,0,0,0,0
Ruth Bader Ginsberg,1,Law,United States,1,1933,2020,87,1,G,,Justice,0,0,0,Democrat,0,0,0,0,0,27,0
Anita Hill,1,Law,United States,0,1956,2023,67,0,G,,Lawyer,0,0,0,Democrat,0,0,0,0,0,0,0
Marcia Clark,1,Law,United States,0,1953,2023,70,1,G,,Prosecutor,0,0,0,Democrat,0,0,0,0,0,0,0
John Marshall,0,Law,United States,1,1755,1835,80,1,G,,Justice,0,0,0,Federalist,0,0,0,0,0,34,0
Oliver Wendell Holmes Jr.,0,Law,United States,1,1841,1935,94,1,G,,Justice,0,0,0,Republican,0,0,0,0,0,30,0
Earl Warren,0,Law,United States,1,1891,1974,83,1,G,,Justice,0,0,0,Republican,0,0,0,0,0,16,0
Thurgood Marshall,0,Law,United States,1,1908,1993,85,1,G,,Justice,0,0,0,Democrat,0,0,0,0,0,24,0
John Roberts,0,Law,United States,0,1955,2023,68,1,G,,Justice,0,0,0,Republican,0,0,0,0,0,17,0
Benjamin Cardozo,0,Law,United States,1,1870,1938,68,0,G,,Justice,0,0,0,Democrat,0,0,0,0,0,6,0
Louis Brandeis,0,Law,United States,1,1856,1941,85,1,G,,Justice,0,0,0,Democrat,0,0,0,0,0,23,0
Felix Frankfurter,0,Law,Austria,1,1882,1965,83,1,G,,Justice,0,0,0,Democrat,0,0,0,0,0,23,0
Warren Burger,0,Law,United States,1,1907,1995,88,1,G,,Justice,0,0,0,Republican,0,0,0,0,0,17,0
William Brennan,0,Law,Ireland,1,1906,1997,91,1,G,,Justice,0,0,0,Democrat,0,0,0,0,0,34,0
Harry Blackmun,0,Law,United States,1,1908,1999,91,1,G,,Justice,0,0,0,Republican,0,0,0,0,0,24,0
Anthony Kennedy,0,Law,United States,0,1936,2023,87,1,G,,Justice,0,0,0,Republican,0,0,0,0,0,30,0
Byron White,0,Law,United States,1,1917,2002,85,1,G,,Justice,0,0,0,Democrat,0,0,0,0,0,31,0
Hugo Black,0,Law,United States,1,1886,1971,85,1,G,,Justice,0,0,0,Democrat,0,0,0,0,0,34,0
Potter Stewart,0,Law,United States,1,1915,1985,70,1,G,,Justice,0,0,0,Republican,0,0,0,0,0,23,0
Lewis Powell,0,Law,United States,1,1907,1998,91,1,G,,Justice,0,0,0,Republican,0,0,0,0,0,15,0
Roger B. Taney,0,Law,United States,1,1777,1864,87,1,G,,Justice,0,0,0,Democrat,0,0,0,0,0,28,0
Salmon P. Chase,0,Law,United States,1,1808,1873,65,1,G,,Justice,0,0,0,Republican,0,0,0,0,0,9,0
Benjamin N. Cardozo,0,Law,United States,1,1870,1938,68,0,G,,Justice,0,0,0,Democrat,0,0,0,0,0,6,0
William O. Douglas,0,Law,United States,1,1898,1980,82,1,G,,Justice,0,0,0,Democrat,0,0,0,0,0,36,0
Charles Evans Hughes,0,Law,United States,1,1862,1948,86,1,G,,Justice,0,0,0,Republican,0,0,0,0,0,11,0
John Rutledge,0,Law,United States,1,1739,1800,61,1,U,,Justice,0,0,0,Federalist,0,0,0,0,0,1,0
Samuel Chase,0,Law,United States,1,1741,1811,70,1,U,,Justice,0,0,0,Federalist,0,0,0,0,0,15,0
Joseph Story,0,Law,United States,1,1779,1845,66,1,G,,Justice,0,0,0,Federalist,0,0,0,0,0,34,0
William Paterson,0,Law,United States,1,1745,1806,61,1,G,,Justice,0,0,0,Federalist,0,0,0,0,0,13,0
Melville W. Fuller,0,Law,United States,1,1833,1910,77,1,G,,Justice,0,0,0,Democrat,0,0,0,0,0,22,0
Horace Gray,0,Law,United States,1,1828,1902,74,0,G,,Justice,0,0,0,Republican,0,0,0,0,0,20,0
William Henry Moody,0,Law,United States,1,1853,1917,64,0,G,,Justice,0,0,0,Republican,0,0,0,0,0,4,0
Benjamin R. Curtis,0,Law,United States,1,1809,1874,65,1,G,,Justice,0,0,0,Whig,0,0,0,0,0,6,0
David Davis,0,Law,United States,1,1815,1886,71,1,G,,Justice,0,0,0,Independent,0,0,0,0,0,14,0
Joseph Bradley,0,Law,United States,1,1813,1892,79,1,G,,Justice,0,0,0,Republican,0,0,0,0,0,23,0
Johnnie Cochran,0,Law,United States,1,1937,2005,68,1,G,,Lawyer,0,0,0,Democrat,0,0,0,0,0,0,0
Robert Shapiro,0,Law,United States,0,1942,2023,81,1,G,,Lawyer,0,0,0,Democrat,0,0,0,0,0,0,0
F. Lee Bailey,0,Law,United States,1,1933,2021,88,1,G,,Lawyer,0,0,0,Democrat,0,0,0,0,0,0,0
Shawn Chapman Holley,0,Law,United States,0,1966,2023,57,1,G,,Lawyer,0,0,0,Democrat,0,0,0,0,0,0,0
Alan Dershowitz,0,Law,United States,0,1938,2023,85,1,G,,Lawyer,0,0,0,Democrat,0,0,0,0,0,0,0
Robert Kardashian,0,Law,United States,1,1944,2003,59,1,G,,Lawyer,0,0,0,Democrat,0,0,0,0,0,0,0
Christopher Darden,0,Law,United States,0,1956,2023,67,1,G,,Prosecutor,0,0,0,Democrat,0,0,0,0,0,0,0
Deborah Sampson,1,Military,United States,1,1760,1827,67,1,H,,Army,0,0,0,,0,0,0,0,0,3,0
Joan of Arc,1,Military,France,1,1412,1431,19,0,U,,Army,0,0,0,,0,0,0,0,0,2,0
Molly Pitcher,1,Military,United States,1,1754,1832,78,1,U,,Army,0,0,0,,0,0,0,0,0,1,0
Nancy Wake,1,Military,New Zealand,1,1912,2011,99,1,H,,Army,0,0,0,,0,0,0,0,0,5,0
Lyudmila Pavlichenko,1,Military,Ukraine,1,1916,1974,58,1,H,,Army,0,0,0,,0,0,0,0,0,3,0
Hannah Szenes,1,Military,Hungary,1,1921,1944,23,0,C,,Army,0,0,0,,0,0,0,0,0,1,0
Jacqueline Cochran,1,Military,United States,1,1906,1980,74,1,SS,,Air Force,0,0,0,,0,0,0,0,0,5,0
Martha Raye,1,Military,United States,1,1916,1994,78,1,H,,Army,0,0,0,,0,0,0,0,0,23,0
Nancy Hart,1,Military,United States,1,1735,1830,95,1,U,,Confederate Army,0,0,0,,0,0,0,0,0,7,0
Grace Hopper,1,Military,United States,1,1906,1992,86,1,D,,Navy,0,0,0,,0,0,0,0,0,43,0
Linda Bray,1,Military,United States,0,1961,2023,62,0,C,,Army,0,0,0,,0,0,0,0,0,10,0
Mary Walker,1,Military,United States,1,1832,1919,87,1,D,,Army,0,0,0,,0,0,0,0,0,4,0
Michelle Howard,1,Military,United States,0,1960,2023,63,1,C,,Navy,0,0,0,,0,0,0,0,0,36,0
Ann Dunwoody,1,Military,United States,0,1953,2023,70,1,C,,Army,0,0,0,,0,0,0,0,0,37,0
Emily Perez,1,Military,United States,1,1983,2006,23,0,C,,Army,0,0,0,,0,0,0,0,0,2,0
Lori Robinson,1,Military,United States,0,1959,2023,64,1,C,,Air Force,0,0,0,,0,0,0,0,0,36,0
Janine Davidson,1,Military,United States,0,1963,2023,60,0,G,,Air Force,0,0,0,,0,0,0,0,0,28,0
Susan Helms,1,Military,United States,0,1958,2023,65,0,G,,Air Force,0,0,0,,0,0,0,0,0,30,0
Mary Jackson,1,Military,United States,1,1921,2005,84,1,C,,NASA,0,0,0,,0,0,0,0,0,0,0
Eileen Collins,1,Military,United States,0,1956,2023,67,1,G,,Air Force,0,0,0,,0,0,0,0,0,28,0
Sally Ride,1,Military,United States,1,1951,2012,61,0,D,,NASA,0,0,0,,0,0,0,0,0,0,0
Shoshana Johnson,1,Military,United States,0,1973,2023,50,1,H,,Army,0,0,0,,0,0,0,0,0,7,0
Rhonda Cornum,1,Military,United States,0,1954,2023,69,1,D,,Army,0,0,0,,0,0,0,0,0,38,0
Jeannie Leavitt,1,Military,United States,0,1967,2023,56,1,G,,Air Force,0,0,0,,0,0,0,0,0,31,0
Ellen Pawlikowski,1,Military,United States,0,1954,2023,69,0,D,,Air Force,0,0,0,,0,0,0,0,0,40,0
Heidi Berg,1,Military,United States,0,1960,2023,63,0,U,,Navy,0,0,0,,0,0,0,0,0,,0
Patricia Horoho,1,Military,United States,0,1960,2023,63,1,D,,Army,0,0,0,,0,0,0,0,0,33,0
Ann E. Rondeau,1,Military,United States,0,1950,2023,73,0,G,,Navy,0,0,0,,0,0,0,0,0,38,0
Diana Holland,1,Military,United States,0,1963,2023,60,0,C,,Army,0,0,0,,0,0,0,0,0,33,0
Lillian Dunlap,1,Military,United States,0,1961,2023,62,0,U,,Nurse Corps,0,0,0,,0,0,0,0,0,33,0
Anna Mae Hays,1,Military,United States,1,1920,2018,98,0,C,,Nurse Corps,0,0,0,,0,0,0,0,0,40,0
Mary Clarke,1,Military,United States,0,1959,2023,64,0,U,,Army,0,0,0,,0,0,0,0,0,36,0
Flora Darpino,1,Military,United States,0,1954,2023,69,0,D,,Army,0,0,0,,0,0,0,0,0,30,0
Dana Born,1,Military,United States,0,1960,2023,63,0,D,,Air Force,0,0,0,,0,0,0,0,0,30,0
Michelle Johnson,1,Military,United States,0,1966,2023,57,1,G,,Air Force,0,0,0,,0,0,0,0,0,36,0
Patricia Tracey,1,Military,United States,0,1963,2023,60,1,C,,Navy,0,0,0,,0,0,0,0,0,34,0
Lisa Jaster,1,Military,United States,0,1972,2023,51,1,G,,Reserve Army,0,0,0,,0,0,0,0,0,23,0
Douglas MacArthur,0,Military,United States,1,1880,1964,84,1,C,,Army,0,0,0,,0,0,0,0,0,52,0
George S. Patton,0,Military,United States,1,1885,1945,60,1,C,,Army,0,0,0,,0,0,0,0,0,36,0
Norman Schwarzkopf,0,Military,United States,1,1934,2012,78,1,C,,Army,0,0,0,,0,0,0,0,0,35,0
John J. Pershing,0,Military,United States,1,1860,1948,88,1,C,,Army,0,0,0,,0,0,0,0,0,64,0
Robert E. Lee,0,Military,United States,1,1807,1870,63,1,C,,Confederate Army,0,0,0,,0,0,0,0,0,32,0
William T. Sherman,0,Military,United States,1,1820,1891,71,1,C,,Army,0,0,0,,0,0,0,0,0,33,0
Stonewall Jackson,0,Military,United States,1,1824,1863,39,1,C,,Confederate Army,0,0,0,,0,0,0,0,0,12,0
Alexander the Great,0,Military,Macedonia,1,356,323,32,0,U,,Army,0,0,0,,0,0,0,0,0,12,0
Julius Caesar,0,Military,Rome,1,100,44,55,1,U,,Army,0,0,0,,0,0,0,0,0,30,0
Horatio Nelson,0,Military,United Kingdom,1,1758,1805,47,1,U,,Navy,0,0,0,,0,0,0,0,0,40,0
Arthur Wellesley,0,Military,Ireland,1,1769,1852,83,1,C,,Army,0,0,0,,0,0,0,0,0,60,0
Saladin,0,Military,Syria,1,1137,1193,56,0,U,,Army,0,0,0,,0,0,0,0,0,40,0
Richard the Lionheart,0,Military,United Kingdom,1,1157,1199,42,0,U,,Army,0,0,0,,0,0,0,0,0,10,0
Oliver Cromwell,0,Military,United Kingdom,1,1599,1658,59,1,U,,Army,0,0,0,,0,0,0,0,0,5,0
Bernard Montgomery,0,Military,United Kingdom,1,1887,1976,89,1,C,,Army,0,0,0,,0,0,0,0,0,50,0
Erwin Rommel,0,Military,Germany,1,1891,1944,53,1,C,,Army,0,0,0,,0,0,0,0,0,36,0
Karl Doenitz,0,Military,Germany,1,1891,1980,89,1,C,,Navy,0,0,0,,0,0,0,0,0,41,0
Isoroku Yamamoto,0,Military,Japan,1,1884,1943,59,1,C,,Navy,0,0,0,,0,0,0,0,0,40,0
Chester Nimitz,0,Military,United States,1,1885,1966,81,1,C,,Navy,0,0,0,,0,0,0,0,0,41,0
Omar Bradley,0,Military,United States,1,1893,1981,88,1,C,,Army,0,0,0,,0,0,0,0,0,38,0
Curtis LeMay,0,Military,United States,1,1906,1990,84,1,C,,Air Force,0,0,0,,0,0,0,0,0,33,0
Jimmy Doolittle,0,Military,United States,1,1896,1993,97,1,G,,Air Force,0,0,0,,0,0,0,0,0,34,0
George C. Marshall,0,Military,United States,1,1880,1959,79,1,C,,Army,0,0,0,,0,0,0,0,0,44,0
Fei-Fei Li,1,Technology,China,0,1976,2023,47,1,D,Research Institutes,Professor,0,0,0,,0,0,0,0,0,0,20
Cynthia Breazeal,1,Technology,United States,0,1967,2023,56,1,D,Research Institutes,Professor,0,0,0,,0,0,0,0,0,0,27
Kate Crawford,1,Technology,Australia,0,1976,2023,47,1,D,Major Tech,Researcher,0,0,0,,0,0,0,0,0,0,20
Joy Buolamwini,1,Technology,Canada,0,1989,2023,34,0,G,Research Institutes,Researcher,0,0,0,,0,0,0,0,0,0,8
Regina Barzilay,1,Technology,Israel,0,1970,2023,53,1,D,Research Institutes,Professor,0,0,0,,0,0,0,0,0,0,25
Yoky Matsuoka,1,Technology,Japan,0,1972,2023,51,1,D,Major Tech,CTO,0,0,0,,0,0,0,0,0,0,24
Kate Darling,1,Technology,United States,0,1980,2023,43,0,G,Research Institutes,Researcher,0,0,0,,0,0,0,0,0,0,15
Vivienne Ming,1,Technology,United States,0,1975,2023,48,1,D,Social Impact,Scientist,0,0,0,,0,0,0,0,0,0,17
Shafi Goldwasser,1,Technology,Israel,0,1958,2023,65,1,D,Research Institutes,Professor,0,0,0,,0,0,0,0,0,0,40
Cynthia Dwork,1,Technology,United States,0,1958,2023,65,0,D,Research Institutes,Professor,0,0,0,,0,0,0,0,0,0,36
Daniela Rus,1,Technology,Romania,0,1969,2023,54,1,D,Research Institutes,Professor,0,0,0,,0,0,0,0,0,0,29
Sue Black,1,Technology,United Kingdom,0,1962,2023,61,1,D,Research Institutes,Professor,0,0,0,,0,0,0,0,0,0,30
Hannah Fry,1,Technology,United Kingdom,0,1984,2023,39,1,D,Research Institutes,Professor,0,0,0,,0,0,0,0,0,0,15
Amy Webb,1,Technology,United States,0,1977,2023,46,0,C,Social Impact,Analyst,0,0,0,,0,0,0,0,0,0,22
Rosalind Picard,1,Technology,United States,0,1960,2023,63,1,D,Research Institutes,Professor,0,0,0,,0,0,0,0,0,0,31
Mary Lou Jepsen,1,Technology,United States,0,1965,2023,58,0,D,Research Institutes,CEO,0,0,0,,0,0,0,0,0,0,35
Marissa Mayer,1,Technology,United States,0,1975,2023,48,1,G,Internet and E-commerce,CEO,0,0,0,,0,0,0,0,0,0,23
Safra Catz,1,Technology,Israel,0,1961,2023,62,1,G,Major Tech,CEO,0,0,0,,1,0,0,0,0,0,33
Ursula Burns,1,Technology,United States,0,1958,2023,65,1,G,Major Tech,CEO,0,0,0,,0,0,0,0,0,0,42
Indra Nooyi,1,Technology,India,0,1955,2023,68,1,G,Major Tech,CEO,0,0,0,,1,0,0,0,0,0,42
Reshma Saujani,1,Technology,United States,0,1975,2023,48,1,G,Social Impact,Founder,0,0,0,,0,0,0,0,0,0,14
Kimberly Bryant,1,Technology,United States,0,1967,2023,56,1,C,Social Impact,Founder,0,0,0,,0,0,0,0,0,0,10
Megan Smith,1,Technology,United States,0,1964,2023,59,1,G,Social Impact,CTO,0,0,0,,0,0,0,0,0,0,32
Emily Weiss,1,Technology,United States,0,1985,2023,38,0,C,Internet and E-commerce,CEO,0,0,0,,0,0,0,0,0,0,9
Arianna Huffington,1,Technology,Greece,0,1950,2023,73,1,C,Internet and E-commerce,CEO,0,0,0,,0,0,0,0,0,0,43
Susan Kare,1,Technology,United States,0,1954,2023,69,1,G,Internet and E-commerce,Designer,0,0,0,,0,0,0,0,0,0,40
Sophie Wilson,1,Technology,United Kingdom,0,1957,2023,66,0,C,Internet and E-commerce,Designer,0,0,0,,0,0,0,0,0,0,43
Ruchi Sanghvi,1,Technology,India,0,1982,2023,41,1,G,Internet and E-commerce,VP,0,0,0,,0,0,0,0,0,0,17
Ada Lovelace,1,Technology,United Kingdom,1,1815,1852,37,1,C,Social Impact,Mathematician,0,0,0,,0,0,0,0,0,0,20
Annie Easley,1,Technology,United States,0,1933,2023,90,0,G,Research Institutes,Scientist,0,0,0,,0,0,0,0,0,0,34
Radia Perlman,1,Technology,United States,0,1951,2023,72,1,D,Major Tech,Engineer,0,0,0,,0,0,0,0,0,0,44
Katherine Johnson,1,Technology,United States,1,1918,2020,102,1,G,Research Institutes,Mathematician,0,0,0,,0,0,0,0,0,0,50
Susan Wojcicki,1,Technology,United States,0,1968,2023,55,1,G,Internet and E-commerce,CEO,0,0,0,,0,0,0,0,0,0,24
Ginni Rometty,1,Technology,United States,0,1957,2023,66,1,G,Major Tech,CEO,0,0,0,,0,0,0,0,0,0,41
Elizabeth Feinler,1,Technology,United States,0,1931,2023,92,0,G,Social Impact,Director,0,0,0,,0,0,0,0,0,0,45
Mary Barra,1,Technology,United States,0,1961,2023,62,1,G,Major Tech,CEO,0,0,0,,1,0,0,0,0,0,40
Demis Hassabis,0,Technology,United Kingdom,0,1976,2023,47,1,G,Startups,CEO,0,0,0,,0,0,0,0,0,0,23
Yoshua Bengio,0,Technology,Canada,0,1964,2023,59,1,D,Research Institutes,Professor,0,0,0,,0,0,0,0,0,0,32
Yann LeCun,0,Technology,France,0,1960,2023,63,1,D,Social Impact,Professor,0,0,0,,0,0,0,0,0,0,36
Oren Etzioni,0,Technology,Israel,0,1964,2023,59,1,D,Startups,CEO,0,0,0,,0,0,0,0,0,0,31
Elon Musk,0,Technology,South Africa,0,1971,2023,52,1,C,Internet and E-commerce,CEO,0,0,0,,1,0,0,0,0,0,26
Mark Zuckerberg,0,Technology,United States,0,1984,2023,39,1,C,Social Impact,CEO,0,0,0,,1,0,0,0,0,0,19
Larry Page,0,Technology,United States,0,1973,2023,50,1,G,Major Tech,CEO,0,0,0,,1,0,0,0,0,0,23
Tim Cook,0,Technology,United States,0,1960,2023,63,0,G,Major Tech,CEO,0,0,0,,1,0,0,0,0,0,36
Sundar Pichai,0,Technology,India,0,1972,2023,51,1,G,Major Tech,CEO,0,0,0,,1,0,0,0,0,0,19
Reed Hastings,0,Technology,United States,0,1960,2023,63,1,G,Major Tech,CEO,0,0,0,,0,0,0,0,0,0,25
Brian Chesky,0,Technology,United States,0,1981,2023,42,0,C,Major Tech,CEO,0,0,0,,0,0,0,0,0,0,15
Travis Kalanick,0,Technology,United States,0,1976,2023,47,0,C,Startups,CEO,0,0,0,,0,0,0,0,0,0,14
Evan Spiegel,0,Technology,United States,0,1990,2023,33,1,C,Major Tech,CEO,0,0,0,,0,0,0,0,0,0,10
Andrew Ng,0,Technology,United Kingdom,0,1976,2023,47,1,D,Social Impact,CEO,0,0,0,,0,0,0,0,0,0,23
Jeff Dean,0,Technology,United States,0,1968,2023,55,1,G,Major Tech,SVP,0,0,0,,0,0,0,0,0,0,24
Sebastian Thrun,0,Technology,Germany,0,1967,2023,56,1,D,Social Impact,CEO,0,0,0,,0,0,0,0,0,0,29
Ray Kurzweil,0,Technology,United States,0,1948,2023,75,1,C,Major Tech,Director,0,0,0,,0,0,0,0,0,0,54
Peter Thiel,0,Technology,Germany,0,1967,2023,56,0,C,Major Tech,Investor,0,0,0,,1,0,0,0,0,0,35
Tony Fadell,0,Technology,United States,0,1969,2023,54,1,C,Startups,CEO,0,0,0,,0,0,0,0,0,0,32
Kevin Systrom,0,Technology,United States,0,1983,2023,40,1,C,Social Impact,CEO,0,0,0,,0,0,0,0,0,0,12
Masayoshi Son,0,Technology,Japan,0,1957,2023,66,1,G,Internet and E-commerce,CEO,0,0,0,,1,0,0,0,0,0,42
Daniel Zhang,0,Technology,China,0,1972,2023,51,1,G,Internet and E-commerce,CEO,0,0,0,,0,0,0,0,0,0,17
Zhang Yiming,0,Technology,China,0,1983,2023,40,1,G,Internet and E-commerce,CEO,0,0,0,,0,0,0,0,0,0,10
Wang Xing,0,Technology,China,0,1979,2023,44,1,G,Internet and E-commerce,CEO,0,0,0,,0,0,0,0,0,0,18
Steve Jobs,0,Technology,United States,1,1955,2011,56,1,H,Major Tech,CEO,0,0,0,,0,0,0,0,0,0,35
Jeff Bezos,0,Technology,United States,0,1964,2023,59,1,G,Major Tech,CEO,0,0,0,,1,0,0,0,0,0,29
Satya Nadella,0,Technology,India,0,1967,2023,56,1,G,Major Tech,CEO,0,0,0,,1,0,0,0,0,0,30
Andrew Jassy,0,Technology,United States,0,1967,2023,56,1,G,Major Tech,CEO,0,0,0,,0,0,0,0,0,0,24
John Giannandrea,0,Technology,United Kingdom,0,1965,2023,58,0,C,Major Tech,SVP,0,0,0,,0,0,0,0,0,0,25
Jeff Williams,0,Technology,United States,0,1964,2023,59,1,G,Major Tech,COO,0,0,0,,0,0,0,0,0,0,24
Terry Myerson,0,Technology,United States,0,1972,2023,51,1,G,Startups,EVP,0,0,0,,0,0,0,0,0,0,27
Ma Yun,0,Technology,China,0,1964,2023,59,1,G,Internet and E-commerce,Chairman,0,0,0,,1,0,0,0,0,0,23
Lei Jun,0,Technology,China,0,1969,2023,54,1,C,Internet and E-commerce,CEO,0,0,0,,0,0,0,0,0,0,32
Ma Huateng,0,Technology,China,0,1971,2023,52,1,C,Internet and E-commerce,CEO,0,0,0,,1,0,0,0,0,0,24
Kenichiro Yoshida,0,Technology,Japan,0,1959,2023,64,0,G,Major Tech,CEO,0,0,0,,0,0,0,0,0,0,37
Shigeru Miyamoto,0,Technology,Japan,0,1952,2023,71,1,C,Internet and E-commerce,Designer,0,0,0,,0,0,0,0,0,0,42
Lee Jae-yong,0,Technology,South Korea,0,1968,2023,55,1,G,Major Tech,Chairman,0,0,0,,0,0,0,0,0,0,26
Ren Zhengfei,0,Technology,China,0,1944,2023,79,1,C,Major Tech,CEO,0,0,0,,0,0,0,0,0,0,36
Sam Altman,0,Technology,United States,0,1985,2023,38,0,C,Startups,CEO,0,0,0,,0,0,0,0,0,0,16
Janet Yellen,1,Finance,United States,0,1946,2023,77,1,D,Government,Economist,0,0,0,,1,0,0,0,0,0,42
Christine Lagarde,1,Finance,France,0,1956,2023,67,0,D,Bank,Economist,0,0,0,,1,0,0,0,0,0,40
Abigail Johnson,1,Finance,United States,0,1961,2023,62,1,D,Financial Services,CEO,0,0,0,,1,0,0,0,0,0,35
Mary Callahan Erdoes,1,Finance,United States,0,1967,2023,56,1,G,Financial Services,Executive,0,0,0,,1,0,0,0,0,0,33
Marillyn Hewson,1,Finance,United States,0,1953,2023,70,1,D,Technology and Media,CEO,0,0,0,,1,0,0,0,0,0,39
Lynn Good,1,Finance,United States,0,1958,2023,65,1,C,Technology and Media,CEO,0,0,0,,1,0,0,0,0,0,18
Mellody Hobson,1,Finance,United States,0,1969,2023,54,1,C,Financial Services,CEO,0,0,0,,1,0,0,0,0,0,31
Adena Friedman,1,Finance,United States,0,1969,2023,54,1,G,Financial Services,CEO,0,0,0,,1,0,0,0,0,0,29
Gillian Tett,1,Finance,United Kingdom,0,1967,2023,56,0,D,Technology and Media,Journalist,0,0,0,,0,0,0,0,0,0,28
Naina Lal Kidwai,1,Finance,India,0,1957,2023,66,1,G,Financial Services,Banker,0,0,0,,0,0,0,0,0,0,40
Neelie Kroes,1,Finance,Netherlands,0,1941,2023,82,1,D,Government,Politician,0,0,0,,0,0,0,0,0,0,40
Chanda Kochhar,1,Finance,India,0,1961,2023,62,1,G,Bank,Banker,0,0,0,,1,0,0,0,0,0,36
Laura Cha,1,Finance,China,0,1949,2023,74,1,D,Bank,Executive,0,0,0,,0,0,0,0,0,0,30
Karen Peetz,1,Finance,United States,0,1955,2023,68,1,C,Financial Services,Executive,0,0,0,,0,0,0,0,0,0,40
Tidjane Thiam,1,Finance,Ivory Coast,0,1962,2023,61,0,D,Financial Services,Executive,0,0,0,,0,0,0,0,0,0,30
Sallie Krawcheck,1,Finance,United States,0,1964,2023,59,1,G,Financial Services,CEO,0,0,0,,0,0,0,0,0,0,35
Arundhati Bhattacharya,1,Finance,India,0,1956,2023,67,1,G,Technology and Media,Banker,0,0,0,,1,0,0,0,0,0,43
Mary Schapiro,1,Finance,United States,0,1955,2023,68,1,G,Financial Services,Regulator,0,0,0,,0,0,0,0,0,0,36
Sheila Bair,1,Finance,United States,0,1954,2023,69,1,D,Government,Regulator,0,0,0,,0,0,0,0,0,0,32
Lael Brainard,1,Finance,United States,0,1962,2023,61,1,D,Government,Economist,0,0,0,,0,0,0,0,0,0,29
Carmen Reinhart,1,Finance,Cuba,0,1955,2023,68,1,D,Bank,Economist,0,0,0,,0,0,0,0,0,0,37
Mervyn King,1,Finance,United Kingdom,0,1948,2023,75,1,D,Bank,Economist,0,0,0,,0,0,0,0,0,0,44
Ksenia Yudaeva,1,Finance,Russia,0,1973,2023,50,0,D,Bank,Economist,0,0,0,,0,0,0,0,0,0,24
Kristalina Georgieva,1,Finance,Bulgaria,0,1953,2023,70,0,G,Financial Services,Economist,0,0,0,,1,0,0,0,0,0,41
Shriti Vadera,1,Finance,United Kingdom,0,1962,2023,61,0,G,Financial Services,Economist,0,0,0,,0,0,0,0,0,0,31
Laura Tyson,1,Finance,United States,0,1947,2023,76,1,D,Education,Economist,0,0,0,,0,0,0,0,0,0,42
Stephanie Kelton,1,Finance,United States,0,1969,2023,54,0,D,Education,Economist,0,0,0,,0,0,0,0,0,0,25
Dong Mingzhu,1,Finance,China,0,1954,2023,69,0,C,Technology and Media,CEO,0,0,0,,1,0,0,0,0,0,36
Anne Finucane,1,Finance,United States,0,1952,2023,71,1,C,Financial Services,Executive,0,0,0,,0,0,0,0,0,0,41
Raghuram Rajan,0,Finance,India,0,1963,2023,60,1,D,Education,Economist,0,0,0,,0,0,0,0,0,0,30
Warren Buffett,0,Finance,United States,0,1930,2023,93,1,G,Technology and Media,Investor,0,0,0,,1,0,0,0,0,0,72
Ben Bernanke,0,Finance,United States,0,1953,2023,70,1,D,Education,Economist,0,0,0,,0,0,0,0,0,0,42
Paul Krugman,0,Finance,United States,0,1953,2023,70,1,D,Technology and Media,Economist,0,0,0,,0,0,0,0,0,0,45
Larry Summers,0,Finance,United States,0,1954,2023,69,1,D,Education,Economist,0,0,0,,0,0,0,0,0,0,44
Ray Dalio,0,Finance,United States,0,1949,2023,74,1,C,Financial Services,Investor,0,0,0,,0,0,0,0,0,0,50
George Soros,0,Finance,Hungary,0,1930,2023,93,1,G,Financial Services,Investor,0,0,0,,1,0,0,0,0,0,65
Jamie Dimon,0,Finance,United States,0,1956,2023,67,1,G,Financial Services,CEO,0,0,0,,1,0,0,0,0,0,42
Bill Ackman,0,Finance,United States,0,1966,2023,57,1,G,Financial Services,Investor,0,0,0,,1,0,0,0,0,0,29
Carl Icahn,0,Finance,United States,0,1936,2023,87,1,D,Technology and Media,Investor,0,0,0,,1,0,0,0,0,0,58
Michael Bloomberg,0,Finance,United States,0,1942,2023,81,1,G,Technology and Media,Entrepreneur,0,0,0,,1,0,0,0,0,0,52
Lloyd Blankfein,0,Finance,United States,0,1954,2023,69,1,G,Financial Services,Executive,0,0,0,,0,0,0,0,0,0,42
Mark Carney,0,Finance,Canada,0,1965,2023,58,1,D,Government,Economist,0,0,0,,0,0,0,0,0,0,36
Timothy Geithner,0,Finance,United States,0,1961,2023,62,1,G,Financial Services,Economist,0,0,0,,0,0,0,0,0,0,35
Alan Greenspan,0,Finance,United States,0,1926,2023,97,1,D,Government,Economist,0,0,0,,0,0,0,0,0,0,69
Robert Shiller,0,Finance,United States,0,1946,2023,77,1,D,Education,Economist,0,0,0,,0,0,0,0,0,0,44
Eugene Fama,0,Finance,United States,0,1939,2023,84,1,D,Education,Economist,0,0,0,,0,0,0,0,0,0,58
Richard Thaler,0,Finance,United States,0,1945,2023,78,1,D,Education,Economist,0,0,0,,0,0,0,0,0,0,45
Joseph Stiglitz,0,Finance,United States,0,1943,2023,80,1,D,Education,Economist,0,0,0,,0,0,0,0,0,0,53
Milton Friedman,0,Finance,United States,1,1912,2006,94,1,D,Education,Economist,0,0,0,,0,0,0,0,0,0,64
John Maynard Keynes,0,Finance,United Kingdom,1,1883,1946,63,1,D,Education,Economist,0,0,0,,0,0,0,0,0,0,37
Friedrich Hayek,0,Finance,Austria,1,1899,1992,93,1,D,Education,Economist,0,0,0,,0,0,0,0,0,0,67
Adam Smith,0,Finance,United Kingdom,1,1723,1790,67,0,SS,Education,Philosopher,0,0,0,,0,0,0,0,0,0,40
Thomas Piketty,0,Finance,France,0,1971,2023,52,0,D,Education,Economist,0,0,0,,0,0,0,0,0,0,27
Nassim Nicholas Taleb,0,Finance,Lebanon,0,1960,2023,63,0,D,Financial Services,Author,0,0,0,,0,0,0,0,0,0,35
Robert Merton,0,Finance,United States,0,1944,2023,79,1,D,Education,Economist,0,0,0,,0,0,0,0,0,0,50
Myron Scholes,0,Finance,Canada,0,1941,2023,82,1,D,Education,Economist,0,0,0,,0,0,0,0,0,0,52
Lars Peter Hansen,0,Finance,United States,0,1952,2023,71,1,D,Education,Economist,0,0,0,,0,0,0,0,0,0,42
Angus Deaton,0,Finance,United Kingdom,0,1945,2023,78,1,D,Education,Economist,0,0,0,,0,0,0,0,0,0,48
Jean Tirole,0,Finance,France,0,1953,2023,70,1,D,Education,Economist,0,0,0,,0,0,0,0,0,0,39
Michael Spence,0,Finance,United States,0,1943,2023,80,1,D,Education,Economist,0,0,0,,0,0,0,0,0,0,51
Paul Romer,0,Finance,United States,0,1955,2023,68,1,D,Education,Economist,0,0,0,,0,0,0,0,0,0,37
Robert Solow,0,Finance,United States,0,1924,2023,99,1,D,Education,Economist,0,0,0,,0,0,0,0,0,0,71
Kenneth Arrow,0,Finance,United States,1,1921,2017,96,1,D,Education,Economist,0,0,0,,0,0,0,0,0,0,72
Gary Becker,0,Finance,United States,1,1930,2014,84,1,D,Education,Economist,0,0,0,,0,0,0,0,0,0,64
Amartya Sen,0,Finance,India,0,1933,2023,90,1,D,Education,Economist,0,0,0,,0,0,0,0,0,0,60
Vernon Smith,0,Finance,United States,0,1927,2023,96,1,D,Education,Economist,0,0,0,,0,0,0,0,0,0,65
Daniel Kahneman,0,Finance,Israel,0,1934,2023,89,1,D,Education,Psychologist,0,0,0,,0,0,0,0,0,0,53
Oliver Hart,0,Finance,United Kingdom,0,1948,2023,75,1,D,Education,Economist,0,0,0,,0,0,0,0,0,0,44
Bengt Holmstr√∂m,0,Finance,Finland,0,1949,2023,74,1,D,Education,Economist,0,0,0,,0,0,0,0,0,0,42
Robert Barro,0,Finance,United States,0,1944,2023,79,1,D,Education,Economist,0,0,0,,0,0,0,0,0,0,52
Edward Prescott,0,Finance,United States,1,1940,2022,82,1,D,Education,Economist,0,0,0,,0,0,0,0,0,0,53
Robert Lucas Jr.,0,Finance,United States,1,1937,2023,86,1,D,Education,Economist,0,0,0,,0,0,0,0,0,0,54
Frida Kahlo,1,Art,Mexico,1,1907,1954,47,1,C,Activist Art,Painter,0,0,0,,0,0,0,0,0,0,29
Georgia O'Keeffe,1,Art,United States,1,1887,1986,99,1,G,Contemporary Art,Painter,0,0,0,,0,0,0,0,0,0,68
Yayoi Kusama,1,Art,Japan,0,1929,2023,94,0,C,Contemporary Art,Artist,0,0,0,,0,0,0,0,0,0,72
Marina Abramoviƒá,1,Art,Serbia,0,1946,2023,77,1,G,Contemporary Art,Artist,0,0,0,,0,0,0,0,0,0,50
Cindy Sherman,1,Art,United States,0,1954,2023,69,1,G,Contemporary Art,Photographer,0,0,0,,0,0,0,0,0,0,45
Tracey Emin,1,Art,United Kingdom,0,1963,2023,60,0,G,Activist Art,Artist,0,0,0,,0,0,0,0,0,0,36
Kara Walker,1,Art,United States,0,1969,2023,54,1,G,Contemporary Art,Artist,0,0,0,,0,0,0,0,0,0,28
Louise Bourgeois,1,Art,France,1,1911,2010,99,1,G,Activist Art,Sculptor,0,0,0,,0,0,0,0,0,0,78
Joan Mitchell,1,Art,United States,1,1925,1992,67,0,C,Abstract Art,Painter,0,0,0,,0,0,0,0,0,0,38
Agnes Martin,1,Art,Canada,1,1912,2004,92,0,G,Contemporary Art,Painter,0,0,0,,0,0,0,0,0,0,60
Judy Chicago,1,Art,United States,0,1939,2023,84,1,G,Activist Art,Artist,0,0,0,,0,0,0,0,0,0,56
Barbara Kruger,1,Art,United States,0,1945,2023,78,0,G,Contemporary Art,Artist,0,0,0,,0,0,0,0,0,0,44
Shirin Neshat,1,Art,Iran,0,1957,2023,66,1,G,Activist Art,Artist,0,0,0,,0,0,0,0,0,0,33
Yoko Ono,1,Art,Japan,0,1933,2023,90,1,C,Contemporary Art,Artist,0,0,0,,0,0,0,0,0,0,60
Jenny Holzer,1,Art,United States,0,1950,2023,73,1,G,Contemporary Art,Artist,0,0,0,,0,0,0,0,0,0,43
Bridget Riley,1,Art,United Kingdom,0,1931,2023,92,0,C,Contemporary Art,Painter,0,0,0,,0,0,0,0,0,0,66
Pipilotti Rist,1,Art,Switzerland,0,1962,2023,61,0,C,Contemporary Art,Artist,0,0,0,,0,0,0,0,0,0,34
Sophie Calle,1,Art,France,0,1953,2023,70,0,SS,Contemporary Art,Artist,0,0,0,,0,0,0,0,0,0,42
Niki de Saint Phalle,1,Art,France,1,1930,2002,72,1,SS,Contemporary Art,Sculptor,0,0,0,,0,0,0,0,0,0,44
Kiki Smith,1,Art,United States,0,1954,2023,69,0,C,Contemporary Art,Artist,0,0,0,,0,0,0,0,0,0,40
Louise Nevelson,1,Art,United States,1,1899,1988,89,1,C,Contemporary Art,Sculptor,0,0,0,,0,0,0,0,0,0,52
Marlene Dumas,1,Art,South Africa,0,1953,2023,70,0,G,Contemporary Art,Painter,0,0,0,,0,0,0,0,0,0,43
Sarah Lucas,1,Art,United Kingdom,0,1962,2023,61,0,C,Contemporary Art,Artist,0,0,0,,0,0,0,0,0,0,32
Cornelia Parker,1,Art,United Kingdom,0,1956,2023,67,1,G,Contemporary Art,Sculptor,0,0,0,,0,0,0,0,0,0,34
Faith Ringgold,1,Art,United States,0,1930,2023,93,1,G,Activist Art,Artist,0,0,0,,0,0,0,0,0,0,65
Mickalene Thomas,1,Art,United States,0,1971,2023,52,0,G,Contemporary Art,Artist,0,0,0,,0,0,0,0,0,0,20
Lorna Simpson,1,Art,United States,0,1960,2023,63,1,G,Activist Art,Artist,0,0,0,,0,0,0,0,0,0,37
Lynda Benglis,1,Art,United States,0,1941,2023,82,0,G,Contemporary Art,Sculptor,0,0,0,,0,0,0,0,0,0,53
Jenny Saville,1,Art,United Kingdom,0,1970,2023,53,0,G,Contemporary Art,Painter,0,0,0,,0,0,0,0,0,0,29
Wangechi Mutu,1,Art,Kenya,0,1972,2023,51,1,G,Contemporary Art,Artist,0,0,0,,0,0,0,0,0,0,23
Zanele Muholi,1,Art,South Africa,0,1972,2023,51,0,G,Contemporary Art,Photographer,0,0,0,,0,0,0,0,0,0,20
Yinka Shonibare,1,Art,United Kingdom,0,1962,2023,61,0,G,Contemporary Art,Artist,0,0,0,,0,0,0,0,0,0,30
Kehinde Wiley,1,Art,United States,0,1977,2023,46,0,G,Realism,Painter,0,0,0,,0,0,0,0,0,0,20
Amy Sherald,1,Art,United States,0,1973,2023,50,0,G,Realism,Painter,0,0,0,,0,0,0,0,0,0,16
Cecily Brown,1,Art,United Kingdom,0,1969,2023,54,0,G,Contemporary Art,Painter,0,0,0,,0,0,0,0,0,0,27
Mariko Mori,1,Art,Japan,0,1967,2023,56,0,G,Contemporary Art,Artist,0,0,0,,0,0,0,0,0,0,32
Yvonne Rainer,1,Art,United States,0,1934,2023,89,0,U,Contemporary Art,Choreographer,0,0,0,,0,0,0,0,0,0,57
Carolee Schneemann,1,Art,United States,1,1939,2019,80,1,G,Contemporary Art,Artist,0,0,0,,0,0,0,0,0,0,59
Laurie Simmons,1,Art,United States,0,1949,2023,74,1,C,Contemporary Art,Photographer,0,0,0,,0,0,0,0,0,0,41
Mary Cassatt,1,Art,United States,1,1844,1926,82,0,SS,Traditional Art,Painter,0,0,0,,0,0,0,0,0,0,34
Rosa Bonheur,1,Art,France,1,1822,1899,77,0,H,Traditional Art,Painter,0,0,0,,0,0,0,0,0,0,57
Judith Leyster,1,Art,Netherlands,1,1609,1660,51,1,U,Traditional Art,Painter,0,0,0,,0,0,0,0,0,0,26
Angelica Kauffman,1,Art,Switzerland,1,1741,1807,66,1,SS,Traditional Art,Painter,0,0,0,,0,0,0,0,0,0,57
Elaine Sturtevant,1,Art,United States,1,1924,2014,89,0,C,Contemporary Art,Artist,0,0,0,,0,0,0,0,0,0,47
Betye Saar,1,Art,United States,0,1926,2023,97,1,G,Contemporary Art,Artist,0,0,0,,0,0,0,0,0,0,54
Leonardo da Vinci,0,Art,Italy,1,1452,1519,67,0,SS,Traditional Art,Painter,0,0,0,,0,0,0,0,0,0,47
Vincent van Gogh,0,Art,Netherlands,1,1853,1890,37,0,SS,Traditional Art,Painter,0,0,0,,0,0,0,0,0,0,10
Pablo Picasso,0,Art,Spain,1,1881,1973,92,1,C,Contemporary Art,Painter,0,0,0,,0,0,0,0,0,0,78
Michelangelo Buonarroti,0,Art,Italy,1,1475,1564,89,0,SS,Traditional Art,Sculptor,0,0,0,,0,0,0,0,0,0,72
Salvador Dal√≠,0,Art,Spain,1,1904,1989,85,1,C,Contemporary Art,Painter,0,0,0,,0,0,0,0,0,0,57
Andy Warhol,0,Art,United States,1,1928,1987,59,0,C,Contemporary Art,Artist,0,0,0,,0,0,0,0,0,0,40
Claude Monet,0,Art,France,1,1840,1926,86,1,SS,Traditional Art,Painter,0,0,0,,0,0,0,0,0,0,73
Jackson Pollock,0,Art,United States,1,1912,1956,44,1,G,Abstract Art,Painter,0,0,0,,0,0,0,0,0,0,25
Henri Matisse,0,Art,France,1,1869,1954,85,1,C,Contemporary Art,Painter,0,0,0,,0,0,0,0,0,0,58
Wassily Kandinsky,0,Art,Russia,1,1866,1944,78,1,G,Abstract Art,Painter,0,0,0,,0,0,0,0,0,0,41
Gustav Klimt,0,Art,Austria,1,1862,1918,56,0,C,Contemporary Art,Painter,0,0,0,,0,0,0,0,0,0,35
Rembrandt van Rijn,0,Art,Netherlands,1,1606,1669,63,1,SS,Traditional Art,Painter,0,0,0,,0,0,0,0,0,0,45
Edgar Degas,0,Art,France,1,1834,1917,83,0,C,Traditional Art,Painter,0,0,0,,0,0,0,0,0,0,54
Paul C√©zanne,0,Art,France,1,1839,1906,67,1,C,Traditional Art,Painter,0,0,0,,0,0,0,0,0,0,47
Edward Hopper,0,Art,United States,1,1882,1967,85,1,G,Realism,Painter,0,0,0,,0,0,0,0,0,0,54
Marc Chagall,0,Art,Belarus/France,1,1887,1985,98,1,C,Contemporary Art,Painter,0,0,0,,0,0,0,0,0,0,78
Jean-Michel Basquiat,0,Art,United States,1,1960,1988,28,0,H,Michel Basquiat,Artist,0,0,0,,0,0,0,0,0,0,9
Roy Lichtenstein,0,Art,United States,1,1923,1997,74,1,G,Contemporary Art,Painter,0,0,0,,0,0,0,0,0,0,50
Ren√© Magritte,0,Art,Belgium,1,1898,1967,69,1,C,Contemporary Art,Painter,0,0,0,,0,0,0,0,0,0,48
Piet Mondrian,0,Art,Netherlands,1,1872,1944,72,0,C,Abstract Art,Painter,0,0,0,,0,0,0,0,0,0,46
Diego Rivera,0,Art,Mexico,1,1886,1957,71,1,G,Realism,Painter,0,0,0,,0,0,0,0,0,0,52
Keith Haring,0,Art,United States,1,1958,1990,32,0,C,Abstract Art,Artist,0,0,0,,0,0,0,0,0,0,9
David Hockney,0,Art,United Kingdom,0,1937,2023,86,0,G,Contemporary Art,Painter,0,0,0,,0,0,0,0,0,0,63
Anish Kapoor,0,Art,India/United Kingdom,0,1954,2023,69,1,G,Abstract Art,Sculptor,0,0,0,,0,0,0,0,0,0,40
Damien Hirst,0,Art,United Kingdom,0,1965,2023,58,0,C,Contemporary Art,Artist,0,0,0,,0,0,0,0,0,0,34
Jeff Koons,0,Art,United States,0,1955,2023,68,1,C,Contemporary Art,Artist,0,0,0,,0,0,0,0,0,0,40
Ai Weiwei,0,Art,China,0,1957,2023,66,1,G,Contemporary Art,Artist,0,0,0,,0,0,0,0,0,0,37
Richard Prince,0,Art,United Kingdom,0,1974,2023,49,1,C,Contemporary Art,Painter,0,0,0,,0,0,0,0,0,0,42
Olafur Eliasson,0,Art,Denmark,0,1967,2023,56,1,C,Contemporary Art,Artist,0,0,0,,0,0,0,0,0,0,29
Georg Baselitz,0,Art,Germany,0,1938,2023,85,1,G,Abstract Art,Painter,0,0,0,,0,0,0,0,0,0,58
Sigmar Polke,0,Art,Germany,1,1941,2010,69,1,C,Contemporary Art,Painter,0,0,0,,0,0,0,0,0,0,53
Erwin Wurm,0,Art,Austria,0,1954,2023,69,1,G,Contemporary Art,Artist,0,0,0,,0,0,0,0,0,0,35
Takashi Murakami,0,Art,Japan,0,1962,2023,61,0,G,Contemporary Art,Artist,0,0,0,,0,0,0,0,0,0,34
Qi Baishi,0,Art,China,1,1864,1957,93,1,SS,Traditional Art,Painter,0,0,0,,0,0,0,0,0,0,63
Wu Guanzhong,0,Art,China,1,1919,2010,91,1,G,Traditional Art,Painter,0,0,0,,0,0,0,0,0,0,60
Zeng Fanzhi,0,Art,China,0,1964,2023,59,1,G,Contemporary Art,Painter,0,0,0,,0,0,0,0,0,0,32
Park Seo-bo,0,Art,South Korea,0,1931,2023,92,1,G,Contemporary Art,Painter,0,0,0,,0,0,0,0,0,0,65
Jane Austen,1,Literature,United Kingdom,1,1775,1817,42,0,SS,Classic and Realism,Novelist,0,0,0,,0,0,0,0,0,0,17
Gertrude Stein,1,Literature,United States,1,1874,1946,72,1,G,Classic and Realism,Playwright,0,0,0,,0,0,0,0,0,0,47
Mary Shelley,1,Literature,United Kingdom,1,1797,1851,54,1,SS,Classic and Realism,Novelist,0,0,0,,0,0,0,0,0,0,29
Virginia Woolf,1,Literature,United Kingdom,1,1882,1941,59,1,SS,Classic and Realism,Novelist,0,0,0,,0,0,0,0,0,0,26
Agatha Christie,1,Literature,United Kingdom,1,1890,1976,86,1,H,Modern and Thrillers,Novelist,0,0,0,,0,0,0,0,0,0,56
Harper Lee,1,Literature,United States,1,1926,2016,90,0,C,Classic and Realism,Novelist,0,0,0,,0,0,0,0,0,0,55
Toni Morrison,1,Literature,United States,1,1931,2019,88,1,D,Modern and Thrillers,Novelist,0,0,0,,0,0,0,0,0,0,46
Margaret Atwood,1,Literature,Canada,0,1939,2023,84,1,G,Fantasy and Fiction,Novelist,0,0,0,,0,0,0,0,0,0,62
Alice Walker,1,Literature,United States,0,1944,2023,79,1,G,Fantasy and Fiction,Novelist,0,0,0,,0,0,0,0,0,0,50
J. K. Rowling,1,Literature,United Kingdom,0,1965,2023,58,1,C,Fantasy and Fiction,Novelist,0,0,0,,0,0,0,0,0,0,26
Zadie Smith,1,Literature,United Kingdom,0,1975,2023,48,1,G,Modern and Thrillers,Novelist,0,0,0,,0,0,0,0,0,0,23
Alice Munro,1,Literature,Canada,0,1931,2023,92,1,C,Modern and Thrillers,Novelist,0,0,0,,0,0,0,0,0,0,60
Doris Lessing,1,Literature,United Kingdom,1,1919,2013,94,1,SS,Modern and Thrillers,Novelist,0,0,0,,0,0,0,0,0,0,63
Wis≈Çawa Szymborska,1,Literature,Poland,1,1923,2012,89,0,U,Poetry and Philosophical,Poet,0,0,0,,0,0,0,0,0,0,56
Nadine Gordimer,1,Literature,South Africa,1,1923,2014,91,1,H,Modern and Thrillers,Novelist,0,0,0,,0,0,0,0,0,0,59
Nelly Sachs,1,Literature,Germany,1,1891,1970,79,0,H,Poetry and Philosophical,Poet,0,0,0,,0,0,0,0,0,0,30
Gabriela Mistral,1,Literature,Chile,1,1889,1957,68,0,SS,Poetry and Philosophical,Poet,0,0,0,,0,0,0,0,0,0,52
Pearl S. Buck,1,Literature,United States,1,1892,1973,81,1,M,Modern and Thrillers,Novelist,0,0,0,,0,0,0,0,0,0,40
Grazia Deledda,1,Literature,Italy,1,1871,1936,65,1,SS,Modern and Thrillers,Novelist,0,0,0,,0,0,0,0,0,0,43
Selma Lagerl√∂f,1,Literature,Sweden,1,1858,1940,82,0,C,Modern and Thrillers,Novelist,0,0,0,,0,0,0,0,0,0,44
Sigrid Undset,1,Literature,Norway,1,1882,1949,67,1,C,Modern and Thrillers,Novelist,0,0,0,,0,0,0,0,0,0,37
Herta M√ºller,1,Literature,Germany,0,1953,2023,70,1,U,Modern and Thrillers,Novelist,0,0,0,,0,0,0,0,0,0,36
Olga Tokarczuk,1,Literature,Poland,0,1962,2023,61,0,C,Modern and Thrillers,Novelist,0,0,0,,0,0,0,0,0,0,32
Louise Gl√ºck,1,Literature,United States,0,1943,2023,80,1,G,Fantasy and Fiction,Poet,0,0,0,,0,0,0,0,0,0,53
Bing Xin,1,Literature,China,1,1900,1999,99,1,G,Poetry and Philosophical,Poet,0,0,0,,0,0,0,0,0,0,50
Lin Huiyin,1,Literature,China,1,1904,1955,51,1,G,Poetry and Philosophical,Poet,0,0,0,,0,0,0,0,0,0,30
Li Qingzhao,1,Literature,China,1,1084,1155,71,1,U,Poetry and Philosophical,Poet,0,0,0,,0,0,0,0,0,0,35
Emily Dickinson,1,Literature,United States,1,1830,1886,56,0,C,Poetry and Philosophical,Poet,0,0,0,,0,0,0,0,0,0,40
Sylvia Plath,1,Literature,United States,1,1932,1963,31,1,G,Poetry and Philosophical,Poet,0,0,0,,0,0,0,0,0,0,9
Maya Angelou,1,Literature,United States,1,1928,2014,86,1,H,Fantasy and Fiction,Poet,0,0,0,,0,0,0,0,0,0,49
Jhumpa Lahiri,1,Literature,United States,0,1967,2023,56,1,D,Modern and Thrillers,Novelist,0,0,0,,0,0,0,0,0,0,22
Charlotte Bront√´,1,Literature,United Kingdom,1,1816,1855,39,1,SS,Classic and Realism,Novelist,0,0,0,,0,0,0,0,0,0,7
Emily Bront√´,1,Literature,United Kingdom,1,1818,1848,30,0,SS,Classic and Realism,Novelist,0,0,0,,0,0,0,0,0,0,2
George Eliot,1,Literature,United Kingdom,1,1819,1880,61,1,SS,Classic and Realism,Novelist,0,0,0,,0,0,0,0,0,0,23
Ayn Rand,1,Literature,United States,1,1905,1982,77,1,C,Modern and Thrillers,Novelist,0,0,0,,0,0,0,0,0,0,35
Isabel Allende,1,Literature,Chile,0,1942,2023,81,1,C,Modern and Thrillers,Novelist,0,0,0,,0,0,0,0,0,0,40
Zora Neale Hurston,1,Literature,United States,1,1891,1960,69,1,G,Modern and Thrillers,Novelist,0,0,0,,0,0,0,0,0,0,30
Audre Lorde,1,Literature,United States,1,1934,1992,58,1,G,Modern and Thrillers,Poet,0,0,0,,0,0,0,0,0,0,24
Hilary Mantel,1,Literature,United Kingdom,0,1952,2023,71,1,C,Modern and Thrillers,Novelist,0,0,0,,0,0,0,0,0,0,39
Jojo Moyes,1,Literature,United Kingdom,0,1969,2023,54,1,C,Modern and Thrillers,Novelist,0,0,0,,0,0,0,0,0,0,19
Gillian Flynn,1,Literature,United States,0,1971,2023,52,1,C,Fantasy and Fiction,Novelist,0,0,0,,0,0,0,0,0,0,18
William Shakespeare,0,Literature,United Kingdom,1,1564,1616,52,1,SS,Classic and Realism,Playwright,0,0,0,,0,0,0,0,0,0,24
Charles Dickens,0,Literature,United Kingdom,1,1812,1870,58,1,SS,Classic and Realism,Novelist,0,0,0,,0,0,0,0,0,0,34
Ernest Hemingway,0,Literature,United States,1,1899,1961,62,1,C,Classic and Realism,Novelist,0,0,0,,0,0,0,0,0,0,36
Mark Twain,0,Literature,United States,1,1835,1910,75,1,SS,Classic and Realism,Novelist,0,0,0,,0,0,0,0,0,0,50
Leo Tolstoy,0,Literature,Russia,1,1828,1910,82,1,SS,Classic and Realism,Novelist,0,0,0,,0,0,0,0,0,0,47
F. Scott Fitzgerald,0,Literature,United States,1,1896,1940,44,1,C,Classic and Realism,Novelist,0,0,0,,0,0,0,0,0,0,20
Gabriel Garc√≠a M√°rquez,0,Literature,Colombia,1,1927,2014,87,1,L,Modern and Thrillers,Novelist,0,0,0,,0,0,0,0,0,0,55
Langston Hughes,0,Literature,United States,1,1902,1967,65,0,C,Poetry and Philosophical,Poet,0,0,0,,0,0,0,0,0,0,50
Rabindranath Tagore,0,Literature,India,1,1861,1941,80,1,SS,Poetry and Philosophical,Poet,0,0,0,,0,0,0,0,0,0,63
John Steinbeck,0,Literature,United States,1,1902,1968,66,1,C,Classic and Realism,Novelist,0,0,0,,0,0,0,0,0,0,42
Geoffrey Chaucer,0,Literature,England,1,1343,1400,57,1,U,Classic and Realism,Poet,0,0,0,,0,0,0,0,0,0,30
James Joyce,0,Literature,Ireland,1,1882,1941,59,1,C,Classic and Realism,Novelist,0,0,0,,0,0,0,0,0,0,32
Oscar Wilde,0,Literature,Ireland,1,1854,1900,46,1,C,Classic and Realism,Playwright,0,0,0,,0,0,0,0,0,0,20
Haruki Murakami,0,Literature,Japan,0,1949,2023,74,1,C,Classic and Realism,Novelist,0,0,0,,0,0,0,0,0,0,42
Dante Alighieri,0,Literature,Italy,1,1265,1321,56,1,U,Fantasy and Fiction,Poet,0,0,0,,0,0,0,0,0,0,20
J.R.R. Tolkien,0,Literature,England,1,1892,1973,81,1,D,Classic and Realism,Novelist,0,0,0,,0,0,0,0,0,0,34
Franz Kafka,0,Literature,Germany,1,1883,1924,41,0,C,Fantasy and Fiction,Novelist,0,0,0,,0,0,0,0,0,0,10
Pablo Neruda,0,Literature,Chile,1,1904,1973,69,1,C,Fantasy and Fiction,Poet,0,0,0,,0,0,0,0,0,0,50
Khalil Gibran,0,Literature,Lebanon,1,1883,1931,48,0,SS,Poetry and Philosophical,Poet,0,0,0,,0,0,0,0,0,0,27
William Faulkner,0,Literature,United States,1,1897,1962,65,1,C,Poetry and Philosophical,Novelist,0,0,0,,0,0,0,0,0,0,41
Lu Xun,0,Literature,China,1,1881,1936,55,1,C,Modern and Thrillers,Essayist,0,0,0,,0,0,0,0,0,0,19
Matsuo Bash≈ç,0,Literature,Japan,1,1644,1694,50,0,SS,Poetry and Philosophical,Poet,0,0,0,,0,0,0,0,0,0,30
Jorge Luis Borges,0,Literature,Argentina,1,1899,1986,87,1,C,Poetry and Philosophical,Essayist,0,0,0,,0,0,0,0,0,0,61
T.S. Eliot,0,Literature,United States,1,1888,1965,77,1,D,Poetry and Philosophical,Poet,0,0,0,,0,0,0,0,0,0,51
Salman Rushdie,0,Literature,United Kingdom,0,1947,2023,76,1,C,Poetry and Philosophical,Novelist,0,0,0,,0,0,0,0,0,0,42
Kahlil Gibran,0,Literature,United States,1,1883,1931,48,0,SS,Fantasy and Fiction,Poet,0,0,0,,0,0,0,0,0,0,27
Orhan Pamuk,0,Literature,Turkey,0,1952,2023,71,1,G,Poetry and Philosophical,Novelist,0,0,0,,0,0,0,0,0,0,40
Mario Vargas Llosa,0,Literature,Peru,0,1936,2023,87,1,G,Fantasy and Fiction,Novelist,0,0,0,,0,0,0,0,0,0,61
Mo Yan,0,Literature,China,0,1955,2023,68,1,U,Modern and Thrillers,Novelist,0,0,0,,0,0,0,0,0,0,33
Naguib Mahfouz,0,Literature,Egypt,1,1911,2006,95,1,C,Fantasy and Fiction,Novelist,0,0,0,,0,0,0,0,0,0,70
Saadi Shirazi,0,Literature,Iran,1,1210,1291,81,0,U,Poetry and Philosophical,Poet,0,0,0,,0,0,0,0,0,0,60
Li Bai,0,Literature,China,1,701,762,61,1,U,Poetry and Philosophical,Poet,0,0,0,,0,0,0,0,0,0,20
Yasunari Kawabata,0,Literature,Japan,1,1899,1972,73,1,C,Poetry and Philosophical,Novelist,0,0,0,,0,0,0,0,0,0,63
Stephen King,0,Literature,United States,0,1947,2023,76,1,C,Poetry and Philosophical,Novelist,0,0,0,,0,0,0,0,0,0,48
James Patterson,0,Literature,United States,0,1947,2023,76,1,C,Fantasy and Fiction,Novelist,0,0,0,,0,0,0,0,0,0,44
George R.R. Martin,0,Literature,United States,0,1948,2023,75,1,M,Modern and Thrillers,Novelist,0,0,0,,0,0,0,0,0,0,48
Brandon Sanderson,0,Literature,United States,0,1975,2023,48,1,M,Fantasy and Fiction,Novelist,0,0,0,,0,0,0,0,0,0,21
Paulo Coelho,0,Literature,Brazil,0,1947,2023,76,1,C,Fantasy and Fiction,Novelist,0,0,0,,0,0,0,0,0,0,34
Colson Whitehead,0,Literature,United States,0,1969,2023,54,1,C,Fantasy and Fiction,Novelist,0,0,0,,0,0,0,0,0,0,22
Xu Zhimo,0,Literature,China,1,1897,1931,34,1,G,Fantasy and Fiction,Poet,0,0,0,,0,0,0,0,0,0,13
Beyonc√©,1,Music,United States,0,1981,2023,42,1,C,Pop/R&B,Singer,0,0,0,,0,1,28,0,0,0,25
Madonna,1,Music,United States,0,1958,2023,65,0,C,Pop,Singer,0,0,0,,0,1,7,0,0,0,40
Taylor Swift,1,Music,United States,0,1989,2023,34,0,H,Pop,Singer,0,0,0,,0,1,11,0,0,0,17
Rihanna,1,Music,Barbados,0,1988,2023,35,0,H,Pop/R&B,Singer,0,0,0,,0,1,9,0,0,0,18
Adele,1,Music,United Kingdom,0,1988,2023,35,0,H,Pop,Singer,0,0,0,,0,1,15,0,0,0,15
Whitney Houston,1,Music,United States,1,1963,2012,49,0,H,Pop/R&B,Singer,0,0,0,,0,1,6,0,0,0,30
Mariah Carey,1,Music,United States,0,1969,2023,54,0,H,Pop/R&B,Singer,0,0,0,,0,1,5,0,0,0,32
Lady Gaga,1,Music,United States,0,1986,2023,37,0,C,Pop,Singer,0,0,0,,0,1,12,0,0,0,15
Britney Spears,1,Music,United States,0,1981,2023,42,0,H,Pop,Singer,0,0,0,,0,1,1,0,0,0,22
Celine Dion,1,Music,Canada,0,1968,2023,55,0,H,Pop,Singer,0,0,0,,0,1,5,0,0,0,41
Shakira,1,Music,Colombia,0,1977,2023,46,0,C,Pop/Latin,Singer,0,0,0,,0,1,3,0,0,0,31
Katy Perry,1,Music,United States,0,1984,2023,39,1,H,Pop,Singer,0,0,0,,0,0,0,0,0,0,22
Aretha Franklin,1,Music,United States,1,1942,2018,76,0,H,Soul,Singer,0,0,0,,0,1,18,0,0,0,61
Janet Jackson,1,Music,United States,0,1966,2023,57,0,H,Pop/R&B,Singer,0,0,0,,0,1,5,0,0,0,49
Tina Turner,1,Music,United States,0,1939,2023,84,1,H,Rock,Singer,0,0,0,,0,1,12,0,0,0,61
Dolly Parton,1,Music,United States,0,1946,2023,77,1,H,Country,Singer,0,0,0,,0,1,10,0,0,0,56
Christina Aguilera,1,Music,United States,0,1980,2023,43,0,H,Pop,Singer,0,0,0,,0,1,6,0,0,0,23
Jennifer Lopez,1,Music,United States,0,1969,2023,54,0,C,Pop,Singer,0,0,0,,0,0,0,0,0,0,24
Miley Cyrus,1,Music,United States,0,1992,2023,31,0,H,Pop,Singer,0,0,0,,0,0,0,0,0,0,15
Ariana Grande,1,Music,United States,0,1993,2023,30,1,H,Pop,Singer,0,0,0,,0,1,2,0,0,0,10
Sia,1,Music,Australia,0,1975,2023,48,0,H,Pop,Singer,0,0,0,,0,0,0,0,0,0,25
Diana Ross,1,Music,United States,0,1944,2023,79,0,H,Pop/R&B,Singer,0,0,0,,0,0,0,0,0,0,62
Barbra Streisand,1,Music,United States,0,1942,2023,81,1,H,Pop,Singer,0,0,0,,0,1,8,0,0,0,61
Amy Winehouse,1,Music,United Kingdom,1,1983,2011,28,0,H,Soul,Singer,0,0,0,,0,1,5,0,0,0,7
Kelly Clarkson,1,Music,United States,0,1982,2023,41,0,C,Pop,Singer,0,0,0,,0,1,3,0,0,0,20
Gwen Stefani,1,Music,United States,0,1969,2023,54,1,C,Pop,Singer,0,0,0,,0,1,1,0,0,0,34
Selena Gomez,1,Music,United States,0,1992,2023,31,0,H,Pop,Singer,0,0,0,,0,0,0,0,0,0,14
Carrie Underwood,1,Music,United States,0,1983,2023,40,1,C,Country,Singer,0,0,0,,0,1,7,0,0,0,17
Shania Twain,1,Music,Canada,0,1965,2023,58,1,H,Country,Singer,0,0,0,,0,1,5,0,0,0,28
Ella Fitzgerald,1,Music,United States,1,1917,1966,49,0,H,Jazz,Singer,0,0,0,,0,1,13,0,0,0,59
Billie Holiday,1,Music,United States,1,1915,1959,44,0,H,Jazz,Singer,0,0,0,,0,0,0,0,0,0,26
Joni Mitchell,1,Music,Canada,0,1943,2023,80,0,H,Folk,Singer,0,0,0,,0,1,9,0,0,0,40
Stevie Nicks,1,Music,United States,0,1948,2023,75,0,H,Rock,Singer,0,0,0,,0,1,1,0,0,0,52
Norah Jones,1,Music,United States,0,1979,2023,44,0,G,Jazz,Singer,0,0,0,,0,1,9,0,0,0,22
Lana Del Rey,1,Music,United States,0,1985,2023,38,0,C,Pop,Singer,0,0,0,,0,0,0,0,0,0,12
Patti Smith,1,Music,United States,0,1946,2023,77,0,C,Rock,Singer,0,0,0,,0,1,1,0,0,0,46
Alanis Morissette,1,Music,Canada,0,1974,2023,49,1,H,Rock,Singer,0,0,0,,0,1,7,0,0,0,28
Enya,1,Music,Ireland,0,1961,2023,62,0,H,New,Singer,0,0,0,,0,1,4,0,0,0,34
Ellie Goulding,1,Music,United Kingdom,0,1986,2023,37,1,C,Pop,Singer,0,0,0,,0,0,0,0,0,0,12
Florence Welch,1,Music,United Kingdom,0,1986,2023,37,0,C,Pop/Rock,Singer,0,0,0,,0,0,0,0,0,0,13
Janelle Mon√°e,1,Music,United States,0,1985,2023,38,0,C,R&B,Singer,0,0,0,,0,0,0,0,0,0,15
Halsey,1,Music,United States,0,1994,2023,29,0,C,Pop,Singer,0,0,0,,0,0,0,0,0,0,7
Lizzo,1,Music,United States,0,1988,2023,35,0,C,Pop/R&B,Singer,0,0,0,,0,1,3,0,0,0,11
Cardi B,1,Music,United States,0,1992,2023,31,1,H,Hip,Rapper,0,0,0,,0,1,1,0,0,0,6
Megan Thee Stallion,1,Music,United States,0,1995,2023,28,0,C,Hip,Rapper,0,0,0,,0,1,3,0,0,0,4
Donna Summer,1,Music,United States,1,1948,2012,64,1,H,Disco,Singer,0,0,0,,0,1,5,0,0,0,40
Amy Beach,1,Music,United States,1,1867,1944,77,1,G,Classical,Composer,0,0,0,,0,0,0,0,0,0,63
Florence Price,1,Music,United States,1,1887,1953,66,1,G,Classical,Composer,0,0,0,,0,0,0,0,0,0,37
Jennifer Higdon,1,Music,United States,0,1962,2023,61,0,D,Classical,Composer,0,0,0,,0,1,2,0,0,0,32
Fanny Mendelssohn,1,Music,Germany,1,1805,1847,42,1,G,Classical,Composer,0,0,0,,0,0,0,0,0,0,42
Nadia Boulanger,1,Music,France,1,1887,1979,92,0,G,Classical,Composer,0,0,0,,0,0,0,0,0,0,77
Kaija Saariaho,1,Music,Finland,0,1952,2023,71,1,D,Classical,Composer,0,0,0,,0,0,0,0,0,0,45
Rachel Portman,1,Music,United Kingdom,0,1960,2023,63,1,C,Film,Composer,0,0,0,,0,0,0,0,0,0,35
Libby Larsen,1,Music,United States,0,1950,2023,73,1,D,Classical,Composer,0,0,0,,0,0,0,0,0,0,50
Rebecca Clarke,1,Music,United Kingdom,1,1886,1979,93,0,G,Classical,Composer,0,0,0,,0,0,0,0,0,0,50
Clara Schumann,1,Music,Germany,1,1819,1896,77,1,G,Classical,Composer,0,0,0,,0,0,0,0,0,0,61
Faye Wong,1,Music,China,0,1969,2023,54,1,H,Pop,Singer,0,0,0,,0,0,0,0,0,0,32
Na Ying,1,Music,China,0,1967,2023,56,1,H,Pop,Singer,0,0,0,,0,0,0,0,0,0,32
Michael Jackson,0,Music,United States,1,1958,2009,51,0,H,Pop,Singer,0,0,0,,0,1,13,0,0,0,40
Bob Dylan,0,Music,United States,0,1941,2023,82,0,C,Folk/Rock,Singer,0,0,0,,0,1,10,0,0,0,60
Freddie Mercury,0,Music,United Kingdom,1,1946,1991,45,0,C,Rock,Singer,0,0,0,,0,0,0,0,0,0,21
David Bowie,0,Music,United Kingdom,1,1947,2016,69,1,C,Rock,Singer,0,0,0,,0,1,5,0,0,0,54
Elton John,0,Music,United Kingdom,0,1947,2023,76,1,C,Pop,Singer,0,0,0,,0,1,5,0,0,0,56
John Lennon,0,Music,United Kingdom,1,1940,1980,40,1,H,Rock,Singer,0,0,0,,0,1,1,0,0,0,23
Paul McCartney,0,Music,United Kingdom,0,1942,2023,81,1,H,Rock,Singer,0,0,0,,0,1,18,0,0,0,61
Mick Jagger,0,Music,United Kingdom,0,1943,2023,80,0,C,Rock,Singer,0,0,0,,0,0,0,0,0,0,59
Bruce Springsteen,0,Music,United States,0,1949,2023,74,1,C,Rock,Singer,0,0,0,,0,1,20,0,0,0,50
Bob Marley,0,Music,Jamaica,1,1945,1981,36,1,H,Reggae,Singer,0,0,0,,0,0,0,0,0,0,19
Johnny Cash,0,Music,United States,1,1932,2003,71,1,H,Country,Singer,0,0,0,,0,1,9,0,0,0,49
Eric Clapton,0,Music,United Kingdom,0,1945,2023,78,1,H,Rock/Blues,Musician,0,0,0,,0,1,18,0,0,0,56
Frank Sinatra,0,Music,United States,1,1915,1998,83,1,H,Jazz/Pop,Singer,0,0,0,,0,1,9,0,0,0,60
Ray Charles,0,Music,United States,1,1930,2004,74,0,H,R&B,Musician,0,0,0,,0,1,17,0,0,0,51
Marvin Gaye,0,Music,United States,1,1939,1984,45,0,H,R&B,Singer,0,0,0,,0,1,2,0,0,0,25
James Brown,0,Music,United States,1,1933,2006,73,0,H,Funk/R&B,Singer,0,0,0,,0,1,3,0,0,0,50
George Michael,0,Music,United Kingdom,1,1963,2016,53,0,H,Pop,Singer,0,0,0,,0,1,2,0,0,0,36
Justin Timberlake,0,Music,United States,0,1981,2023,42,1,H,Pop,Singer,0,0,0,,0,1,10,0,0,0,25
Bruno Mars,0,Music,United States,0,1985,2023,38,0,H,Pop/R&B,Singer,0,0,0,,0,1,11,0,0,0,16
Ed Sheeran,0,Music,United Kingdom,0,1991,2023,32,1,C,Pop,Singer,0,0,0,,0,1,4,0,0,0,11
Drake,0,Music,Canada,0,1986,2023,37,0,C,Hip-Hop,Rapper,0,0,0,,0,1,4,0,0,0,15
Eminem,0,Music,United States,0,1972,2023,51,0,H,Hip-Hop,Rapper,0,0,0,,0,1,15,0,0,0,31
Jay-Z,0,Music,United States,0,1969,2023,54,1,Z,Hip-Hop,Rapper,0,0,0,,0,1,23,0,0,0,31
Kanye West,0,Music,United States,0,1977,2023,46,0,C,Hip-Hop,Rapper,0,0,0,,0,1,22,0,0,0,22
Pharrell Williams,0,Music,United States,0,1973,2023,50,1,C,Pop,Singer,0,0,0,,0,1,13,0,0,0,27
Chris Martin,0,Music,United Kingdom,0,1977,2023,46,0,C,Pop/Rock,Singer,0,0,0,,0,0,0,0,0,0,26
John Mayer,0,Music,United States,0,1977,2023,46,0,C,Rock,Musician,0,0,0,,0,1,7,0,0,0,22
Adam Levine,0,Music,United States,0,1979,2023,44,1,C,Pop,Singer,0,0,0,,0,0,0,0,0,0,27
Justin Bieber,0,Music,Canada,0,1994,2023,29,1,H,Pop,Singer,0,0,0,,0,1,2,0,0,0,13
Harry Styles,0,Music,United Kingdom,0,1994,2023,29,0,H,Pop,Singer,0,0,0,,0,1,1,0,0,0,11
Zayn Malik,0,Music,United Kingdom,0,1993,2023,30,0,H,Pop,Singer,0,0,0,,0,0,0,0,0,0,11
Niall Horan,0,Music,Ireland,0,1993,2023,30,0,H,Pop,Singer,0,0,0,,0,0,0,0,0,0,11
Shawn Mendes,0,Music,Canada,0,1998,2023,25,0,H,Pop,Singer,0,0,0,,0,0,0,0,0,0,8
Ricky Martin,0,Music,Puerto Rico,0,1971,2023,52,0,C,Pop,Singer,0,0,0,,0,1,2,0,0,0,36
Enrique Iglesias,0,Music,Spain,0,1975,2023,48,0,C,Pop/Latin,Singer,0,0,0,,0,1,1,0,0,0,26
Julio Iglesias,0,Music,Spain,0,1943,2023,80,1,C,Pop/Latin,Singer,0,0,0,,0,1,1,0,0,0,52
Paul Simon,0,Music,United States,0,1941,2023,82,1,C,Folk/Rock,Singer,0,0,0,,0,1,16,0,0,0,65
Phil Collins,0,Music,United Kingdom,0,1951,2023,72,0,C,Pop/Rock,Musician,0,0,0,,0,1,8,0,0,0,50
George Harrison,0,Music,United Kingdom,1,1943,2001,58,1,H,Rock,Musician,0,0,0,,0,1,1,0,0,0,31
Steven Tyler,0,Music,United States,0,1948,2023,75,0,H,Rock,Singer,0,0,0,,0,0,0,0,0,0,52
Ozzy Osbourne,0,Music,United Kingdom,0,1948,2023,75,1,H,Rock/Metal,Singer,0,0,0,,0,1,1,0,0,0,52
Jack White,0,Music,United States,0,1975,2023,48,0,H,Rock,Musician,0,0,0,,0,1,12,0,0,0,24
Johann Sebastian Bach,0,Music,Germany,1,1685,1750,65,1,SS,Classical,Composer,0,0,0,,0,0,0,0,0,0,50
Wolfgang Amadeus Mozart,0,Music,Austria,1,1756,1791,35,1,SS,Classical,Composer,0,0,0,,0,0,0,0,0,0,30
Ludwig van Beethoven,0,Music,Germany,1,1770,1827,57,0,SS,Classical,Composer,0,0,0,,0,0,0,0,0,0,45
Franz Schubert,0,Music,Austria,1,1797,1828,31,0,SS,Classical,Composer,0,0,0,,0,0,0,0,0,0,18
Pyotr Ilyich Tchaikovsky,0,Music,Russia,1,1840,1893,53,0,G,Classical,Composer,0,0,0,,0,0,0,0,0,0,39
Lang lang,0,Music,China,0,1982,2023,41,1,G,Classical,Pianist,0,0,0,,0,0,0,0,0,0,25
Joe Hisaishi,0,Music,China,0,1950,2023,73,1,C,Film,Composer,0,0,0,,0,0,0,0,0,0,40
Jay Chou,0,Music,China,0,1979,2023,44,1,C,Pop,Musician,0,0,0,,0,0,0,0,0,0,22
JJ Lin,0,Music,China,0,1981,2023,42,0,C,Pop,Singer,0,0,0,,0,0,0,0,0,0,18
Coco Chanel,1,Fashion,France,1,1883,1971,88,0,SS,,Designer,0,0,0,,0,0,0,0,0,0,57
Diane von Furstenberg,1,Fashion,Belgium,0,1946,2023,77,1,C,,Designer,0,0,0,,0,0,0,0,1,0,49
Stella McCartney,1,Fashion,United Kingdom,0,1971,2023,52,1,C,,Designer,0,0,0,,0,0,0,0,1,0,26
Carolina Herrera,1,Fashion,Venezuela,0,1939,2023,84,1,H,,Designer,0,0,0,,0,0,0,0,1,0,41
Cindy Crawford,1,Fashion,United States,0,1966,2023,57,1,C,,Model,0,0,0,,0,0,0,0,0,0,36
Twiggy,1,Fashion,United Kingdom,0,1949,2023,74,1,H,,Model,0,0,0,,0,0,0,0,0,0,56
Jeanne Lanvin,1,Fashion,France,1,1867,1946,79,1,SS,,Designer,0,0,0,,0,0,0,0,0,0,49
Elsa Schiaparelli,1,Fashion,Italy,1,1890,1973,83,1,C,,Designer,0,0,0,,0,0,0,0,0,0,34
Kate Spade,1,Fashion,United States,1,1962,2018,56,1,C,,Designer,0,0,0,,0,0,0,0,0,0,25
Tory Burch,1,Fashion,United States,0,1966,2023,57,1,C,,Designer,0,0,0,,0,0,0,0,1,0,19
Rachel Zoe,1,Fashion,United States,0,1971,2023,52,1,C,,Stylist,0,0,0,,0,0,0,0,0,0,30
Donna Karan,1,Fashion,United States,0,1948,2023,75,1,C,,Designer,0,0,0,,0,0,0,0,0,0,36
Betsey Johnson,1,Fashion,United States,0,1942,2023,81,1,C,,Designer,0,0,0,,0,0,0,0,0,0,55
Kendall Jenner,1,Fashion,United States,0,1995,2023,28,0,H,,Model,0,0,0,,0,0,0,0,4,0,9
Bella Hadid,1,Fashion,United States,0,1996,2023,27,0,H,,Model,0,0,0,,0,0,0,0,4,0,8
Alexa Chung,1,Fashion,United Kingdom,0,1983,2023,40,0,H,,Model,0,0,0,,0,0,0,0,0,0,17
Olivia Palermo,1,Fashion,United States,0,1986,2023,37,1,C,,Socialite,0,0,0,,0,0,0,0,0,0,16
Miranda Kerr,1,Fashion,Australia,0,1983,2023,40,1,H,,Model,0,0,0,,0,0,0,0,0,0,16
Miuccia Prada,1,Fashion,Italy,0,1949,2023,74,1,G,,Designer,0,0,0,,0,0,0,0,1,0,44
Vera Wang,1,Fashion,United States,0,1949,2023,74,1,C,,Designer,0,0,0,,0,0,0,0,1,0,32
Karlie Kloss,1,Fashion,United States,0,1992,2023,31,1,C,,Model,0,0,0,,0,0,0,0,0,0,14
Donatella Versace,1,Fashion,Italy,0,1955,2023,68,0,C,,Designer,0,0,0,,0,0,0,0,1,0,43
Sarah Burton,1,Fashion,United Kingdom,0,1974,2023,49,1,C,,Designer,0,0,0,,0,0,0,0,1,0,24
Jil Sander,1,Fashion,Germany,0,1943,2023,80,0,C,,Designer,0,0,0,,0,0,0,0,1,0,46
Aurora James,1,Fashion,Canada,0,1986,2023,37,0,C,,Designer,0,0,0,,0,0,0,0,0,0,8
Gigi Hadid,1,Fashion,United States,0,1995,2023,28,0,H,,Model,0,0,0,,0,0,0,0,4,0,9
Cara Delevingne,1,Fashion,United Kingdom,0,1992,2023,31,0,H,,Model,0,0,0,,0,0,0,0,2,0,10
Choi So-ra,1,Fashion,South Korea,0,1992,2023,31,0,U,,Model,0,0,0,,0,0,0,0,2,0,10
Liu Wen,1,Fashion,China,0,1988,2023,35,0,H,,Model,0,0,0,,0,0,0,0,3,0,15
Xi Mengyao,1,Fashion,China,0,1989,2023,34,1,U,,Model,0,0,0,,0,0,0,0,1,0,9
Sui He,1,Fashion,China,0,1989,2023,34,0,U,,Model,0,0,0,,0,0,0,0,2,0,12
Ashley Graham,1,Fashion,United States,0,1987,2023,36,1,H,,Model,0,0,0,,0,0,0,0,1,0,21
Joan Smalls,1,Fashion,United States,0,1988,2023,35,0,C,,Model,0,0,0,,0,0,0,0,3,0,14
Kaia Jordan Gerber,1,Fashion,United States,0,2001,2023,22,0,H,,Model,0,0,0,,0,0,0,0,4,0,6
Tyra Banks,1,Fashion,United States,0,1973,2023,50,0,C,,Model,0,0,0,,0,0,0,0,0,0,29
Coco Rocha,1,Fashion,Canada,0,1988,2023,35,1,H,,Model,0,0,0,,0,0,0,0,1,0,18
Rei Kawakubo,1,Fashion,Japan,0,1942,2023,81,1,C,,Designer,0,0,0,,0,0,0,0,1,0,53
Mary Quant,1,Fashion,United Kingdom,1,1934,2023,89,1,C,,Designer,0,0,0,,0,0,0,0,0,0,38
Chitose Abe,1,Fashion,Japan,0,1965,2023,58,1,C,,Designer,0,0,0,,0,0,0,0,1,0,23
Tom Ford,0,Fashion,United States,0,1961,2023,62,1,C,,Designer,0,0,0,,0,0,0,0,1,0,34
Alexander McQueen,0,Fashion,United Kingdom,1,1969,2010,41,0,C,,Designer,0,0,0,,0,0,0,0,1,0,15
Giorgio Armani,0,Fashion,Italy,0,1934,2023,89,0,C,,Designer,0,0,0,,0,0,0,0,1,0,47
Ralph Lauren,0,Fashion,United States,0,1939,2023,84,1,C,,Designer,0,0,0,,0,0,0,0,0,0,54
Marc Jacobs,0,Fashion,United States,0,1963,2023,60,1,C,,Designer,0,0,0,,0,0,0,0,0,0,36
Christian Dior,0,Fashion,France,1,1905,1957,52,1,C,,Designer,0,0,0,,0,0,0,0,1,0,10
Yves Saint Laurent,0,Fashion,France,1,1936,2008,72,0,C,,Designer,0,0,0,,0,0,0,0,1,0,40
Valentino Garavani,0,Fashion,Italy,0,1932,2023,91,0,C,,Designer,0,0,0,,0,0,0,0,1,0,65
Calvin Klein,0,Fashion,United States,0,1942,2023,81,0,C,,Designer,0,0,0,,0,0,0,0,0,0,49
Michael Kors,0,Fashion,United States,0,1959,2023,64,0,C,,Designer,0,0,0,,0,0,0,0,1,0,41
Hubert de Givenchy,0,Fashion,France,1,1927,2018,91,0,C,,Designer,0,0,0,,0,0,0,0,0,0,43
Raf Simons,0,Fashion,Belgium,0,1968,2023,55,0,C,,Designer,0,0,0,,0,0,0,0,2,0,27
Jeremy Scott,0,Fashion,United States,0,1975,2023,48,0,C,,Designer,0,0,0,,0,0,0,0,2,0,25
Paul Smith,0,Fashion,United Kingdom,0,1946,2023,77,1,SS,,Designer,0,0,0,,0,0,0,0,1,0,51
Christopher Bailey,0,Fashion,United Kingdom,0,1971,2023,52,1,C,,Designer,0,0,0,,0,0,0,0,0,0,21
John Galliano,0,Fashion,United Kingdom,0,1960,2023,63,0,C,,Designer,0,0,0,,0,0,0,0,1,0,39
Roberto Cavalli,0,Fashion,Italy,0,1940,2023,83,1,C,,Designer,0,0,0,,0,0,0,0,0,0,50
Thom Browne,0,Fashion,United States,0,1965,2023,58,0,C,,Designer,0,0,0,,0,0,0,0,1,0,20
Dean Caten,0,Fashion,Canada,0,1965,2023,58,0,C,,Designer,0,0,0,,0,0,0,0,1,0,29
Dan Caten,0,Fashion,Canada,0,1965,2023,58,0,C,,Designer,0,0,0,,0,0,0,0,1,0,29
Kris Van Assche,0,Fashion,Belgium,0,1976,2023,47,0,C,,Designer,0,0,0,,0,0,0,0,1,0,22
Kim Jones,0,Fashion,United Kingdom,0,1979,2023,44,0,C,,Designer,0,0,0,,0,0,0,0,2,0,18
Jonathan Anderson,0,Fashion,Northern Ireland,0,1984,2023,39,0,C,,Designer,0,0,0,,0,0,0,0,2,0,14
Haider Ackermann,0,Fashion,Colombia,0,1971,2023,52,0,C,,Designer,0,0,0,,0,0,0,0,1,0,21
Rick Owens,0,Fashion,United States,0,1962,2023,61,1,C,,Designer,0,0,0,,0,0,0,0,1,0,28
Tom Dixon,0,Fashion,Tunisia,0,1959,2023,64,1,SS,,Designer,0,0,0,,0,0,0,0,0,0,35
Matthew Williams,0,Fashion,United States,0,1985,2023,38,1,C,,Designer,0,0,0,,0,0,0,0,1,0,12
Alessandro Sartori,0,Fashion,Italy,0,1966,2023,57,0,C,,Designer,0,0,0,,0,0,0,0,1,0,33
Christian Louboutin,0,Fashion,France,0,1963,2023,60,0,H,,Designer,0,0,0,,0,0,0,0,0,0,31
Manolo Blahnik,0,Fashion,Spain,0,1942,2023,81,0,G,,Designer,0,0,0,,0,0,0,0,0,0,50
Jimmy Choo,0,Fashion,Malaysia,0,1948,2023,75,1,C,,Designer,0,0,0,,0,0,0,0,0,0,28
Salvatore Ferragamo,0,Fashion,Italy,1,1898,1960,62,1,C,,Designer,0,0,0,,0,0,0,0,1,0,31
Karl Lagerfeld,0,Fashion,Germany,1,1933,2019,86,0,H,,Designer,0,0,0,,0,0,0,0,0,0,65
Pierre Cardin,0,Fashion,Italy,1,1922,2020,98,0,C,,Designer,0,0,0,,0,0,0,0,0,0,70
Oscar de la Renta,0,Fashion,Dominican Republic,1,1932,2014,82,1,C,,Designer,0,0,0,,0,0,0,0,1,0,50
Gianni Versace,0,Fashion,Italy,1,1946,1997,50,0,C,,Designer,0,0,0,,0,0,0,0,0,0,20
Sean O'Pry,0,Fashion,United States,0,1989,2023,34,0,H,,Model,0,0,0,,0,0,0,0,3,0,15
Lucky Blue Smith,0,Fashion,United States,0,1998,2023,25,0,H,,Model,0,0,0,,0,0,0,0,3,0,8
Tyson Beckford,0,Fashion,United States,0,1970,2023,53,0,H,,Model,0,0,0,,0,0,0,0,0,0,28
Jon Kortajarena,0,Fashion,Spain,0,1985,2023,38,0,H,,Model,0,0,0,,0,0,0,0,4,0,16
Jordan Barrett,0,Fashion,Australia,0,1996,2023,27,0,H,,Model,0,0,0,,0,0,0,0,3,0,8
Simon Nessman,0,Fashion,Canada,0,1989,2023,34,0,H,,Model,0,0,0,,0,0,0,0,4,0,15
Audrey Hepburn,1,Film,Belgium,1,1929,1993,64,1,U,Romance,Actress,0,0,0,,0,0,0,0,0,0,41
Nicole Kidman,1,Film,Australia,0,1967,2023,56,1,H,Thriller,Actress,0,0,0,,0,0,0,1,0,0,40
Charlize Theron,1,Film,South Africa,0,1975,2023,48,1,H,Action,Actress,0,0,0,,0,0,0,1,0,0,28
Lupita Nyong'o,1,Film,Mexico,0,1983,2023,40,0,G,Drama,Actress,0,0,0,,0,0,0,1,0,0,10
Ava DuVernay,1,Film,United States,0,1972,2023,51,0,G,Drama,Director,0,0,0,,0,0,0,0,0,0,16
Kathryn Bigelow,1,Film,United States,0,1951,2023,72,1,G,Action,Director,0,0,0,,0,0,0,1,0,0,42
Nora Ephron,1,Film,United States,1,1941,2012,71,1,C,Comedy,Director,0,0,0,,0,0,0,0,0,0,40
Jodie Foster,1,Film,United States,0,1962,2023,61,1,C,Thriller,Actress,0,0,0,,0,0,0,1,0,0,55
Reese Witherspoon,1,Film,United States,0,1976,2023,47,1,C,Comedy,Actress,0,0,0,,0,0,0,1,0,0,30
Meryl Streep,1,Film,United States,0,1949,2023,74,1,G,Drama,Actress,0,0,0,,0,0,0,1,0,0,44
Natalie Portman,1,Film,Israel,0,1981,2023,42,1,C,Drama,Actress,0,0,0,,0,0,0,1,0,0,28
Viola Davis,1,Film,United States,0,1965,2023,58,1,G,Drama,Actress,0,0,0,,0,0,0,1,0,0,27
Emma Stone,1,Film,United States,0,1988,2023,35,0,H,Comedy,Actress,0,0,0,,0,0,0,1,0,0,17
Sandra Bullock,1,Film,United States,0,1964,2023,59,1,C,Comedy,Actress,0,0,0,,0,0,0,1,0,0,33
Jennifer Lawrence,1,Film,United States,0,1990,2023,33,1,H,Action,Actress,0,0,0,,0,0,0,1,0,0,14
Anne Hathaway,1,Film,United States,0,1982,2023,41,1,C,Comedy,Actress,0,0,0,,0,0,0,1,0,0,23
Cate Blanchett,1,Film,Australia,0,1969,2023,54,1,G,Drama,Actress,0,0,0,,0,0,0,1,0,0,26
Brie Larson,1,Film,United States,0,1989,2023,34,1,H,Drama,Actress,0,0,0,,0,0,0,1,0,0,23
Octavia Spencer,1,Film,United States,0,1970,2023,53,0,C,Drama,Actress,0,0,0,,0,0,0,1,0,0,25
Rachel McAdams,1,Film,Canada,0,1978,2023,45,0,C,Romance,Actress,0,0,0,,0,0,0,0,0,0,20
Julianne Moore,1,Film,United States,0,1960,2023,63,1,G,Drama,Actress,0,0,0,,0,0,0,1,0,0,32
Michelle Williams,1,Film,United States,0,1980,2023,43,0,H,Drama,Actress,0,0,0,,0,0,0,0,0,0,25
Keira Knightley,1,Film,United Kingdom,0,1985,2023,38,1,H,Drama,Actress,0,0,0,,0,0,0,0,0,0,21
Sigourney Weaver,1,Film,United States,0,1949,2023,74,1,C,Science Fiction,Actress,0,0,0,,0,0,0,0,0,0,43
Tilda Swinton,1,Film,United Kingdom,0,1960,2023,63,0,C,Action,Actress,0,0,0,,0,0,0,1,0,0,36
Zoe Saldana,1,Film,United States,0,1978,2023,45,1,H,Science Fiction,Actress,0,0,0,,0,0,0,0,0,0,22
Rachel Weisz,1,Film,United Kingdom,0,1970,2023,53,1,C,Drama,Actress,0,0,0,,0,0,0,1,0,0,29
Cameron Diaz,1,Film,United States,0,1972,2023,51,1,H,Comedy,Actress,0,0,0,,0,0,0,0,0,0,26
Helen Hunt,1,Film,United States,0,1963,2023,60,1,C,Drama,Actress,0,0,0,,0,0,0,1,0,0,44
Ava Gardner,1,Film,United States,1,1922,1990,68,1,H,Romance,Actress,0,0,0,,0,0,0,0,0,0,45
Elizabeth Taylor,1,Film,United Kingdom,1,1932,2011,79,1,H,Romance,Actress,0,0,0,,0,0,0,1,0,0,62
Ingrid Bergman,1,Film,Sweden,1,1915,1982,67,1,U,Romance,Actress,0,0,0,,0,0,0,1,0,0,49
Milla Jovovich,1,Film,Ukraine,0,1975,2023,48,1,H,Action,Actress,0,0,0,,0,0,0,0,0,0,36
Marilyn Monroe,1,Film,United States,1,1926,1962,36,1,H,Comedy,Actress,0,0,0,,0,0,0,0,0,0,15
Betty White,1,Film,United States,1,1922,2021,99,1,H,Comedy,Actress,0,0,0,,0,0,0,0,0,0,82
Scarlett Johansson,1,Film,United States,0,1984,2023,39,1,H,Action,Actress,0,0,0,,0,0,0,0,0,0,29
Margot Robbie,1,Film,Australia,0,1990,2023,33,1,H,Drama,Actress,0,0,0,,0,0,0,0,0,0,13
Emma Watson,1,Film,United Kingdom,0,1990,2023,33,0,C,Romance,Actress,0,0,0,,0,0,0,0,0,0,21
Zendaya,1,Film,United States,0,1996,2023,27,0,H,Drama,Actress,0,0,0,,0,0,0,0,0,0,11
Elizabeth Olsen,1,Film,United States,0,1989,2023,34,0,C,Science Fiction,Actress,0,0,0,,0,0,0,0,0,0,12
Liu Yifei,1,Film,China,0,1987,2023,36,0,C,Action,Actress,0,0,0,,0,0,0,0,0,0,17
Fan Bingbing,1,Film,China,0,1981,2023,42,1,C,Drama,Actress,0,0,0,,0,0,0,0,0,0,26
Zhang Ziyi,1,Film,China,0,1979,2023,44,1,C,Action,Actress,0,0,0,,0,0,0,0,0,0,24
Angelina Jolie,1,Film,United States,0,1975,2023,48,1,H,Action,Actress,0,0,0,,0,0,0,1,0,0,42
Emily Blunt,1,Film,United Kingdom,0,1983,2023,40,1,C,Thriller,Actress,0,0,0,,0,0,0,0,0,0,21
Gal Gadot,1,Film,Israel,0,1985,2023,38,1,C,Action,Actress,0,0,0,,0,0,0,0,0,0,14
Kate Winslet,1,Film,United Kingdom,0,1975,2023,48,1,H,Drama,Actress,0,0,0,,0,0,0,1,0,0,29
Amy Adams,1,Film,United States,0,1974,2023,49,1,H,Drama,Actress,0,0,0,,0,0,0,0,0,0,23
Blake Lively,1,Film,United States,0,1987,2023,36,1,C,Thriller,Actress,0,0,0,,0,0,0,0,0,0,15
Maggie Smith,1,Film,United Kingdom,0,1934,2023,88,1,H,Drama,Actress,0,0,0,,0,0,0,1,0,0,68
Elle Fanning,1,Film,United States,0,1998,2023,25,0,H,Drama,Actress,0,0,0,,0,0,0,0,0,0,21
Kristen Bell,1,Film,United States,0,1980,2023,43,1,C,Comedy,Actress,0,0,0,,0,0,0,0,0,0,21
Emilia Clarke,1,Film,United Kingdom,0,1986,2023,37,0,C,Drama,Actress,0,0,0,,0,0,0,0,0,0,14
Steven Spielberg,0,Film,United States,0,1946,2023,77,1,C,Action,Director,0,0,0,,0,0,0,1,0,0,51
Martin Scorsese,0,Film,United States,0,1942,2023,81,1,G,Crime,Director,0,0,0,,0,0,0,1,0,0,57
Quentin Tarantino,0,Film,United States,0,1963,2023,60,0,SS,Crime,Director,0,0,0,,0,0,0,1,0,0,31
Ridley Scott,0,Film,United Kingdom,0,1937,2023,86,1,G,Science Fiction,Director,0,0,0,,0,0,0,0,0,0,53
Stanley Kubrick,0,Film,United States,1,1928,1999,71,1,SS,Science Fiction,Director,0,0,0,,0,0,0,1,0,0,48
Francis Ford Coppola,0,Film,United States,0,1939,2023,84,1,G,Crime,Director,0,0,0,,0,0,0,1,0,0,56
Clint Eastwood,0,Film,United States,0,1930,2023,93,1,H,Drama,Director,0,0,0,,0,0,0,1,0,0,72
Wes Anderson,0,Film,United States,0,1969,2023,54,0,C,Comedy,Director,0,0,0,,0,0,0,0,0,0,29
Woody Allen,0,Film,United States,0,1935,2023,88,1,C,Comedy,Director,0,0,0,,0,0,0,1,0,0,63
Ethan Coen,0,Film,United States,0,1957,2023,66,1,G,Crime,Director,0,0,0,,0,0,0,1,0,0,39
Joel Coen,0,Film,United States,0,1954,2023,69,1,G,Crime,Director,0,0,0,,0,0,0,1,0,0,39
Robert Zemeckis,0,Film,United States,0,1951,2023,72,1,G,Science Fiction,Director,0,0,0,,0,0,0,1,0,0,43
Michael Bay,0,Film,United States,0,1965,2023,58,0,G,Action,Director,0,0,0,,0,0,0,0,0,0,28
Guy Ritchie,0,Film,United Kingdom,0,1968,2023,55,1,H,Action,Director,0,0,0,,0,0,0,0,0,0,25
James Wan,0,Film,Malaysia,0,1977,2023,46,0,G,Thriller,Director,0,0,0,,0,0,0,0,0,0,18
Ron Howard,0,Film,United States,0,1954,2023,69,1,H,Drama,Director,0,0,0,,0,0,0,1,0,0,65
George Lucas,0,Film,United States,0,1944,2023,79,1,G,Science Fiction,Director,0,0,0,,0,0,0,0,0,0,51
David Lynch,0,Film,United States,0,1946,2023,77,1,G,Thriller,Director,0,0,0,,0,0,0,0,0,0,47
Oliver Stone,0,Film,United States,0,1946,2023,77,1,G,Drama,Director,0,0,0,,0,0,0,1,0,0,46
Taika Waititi,0,Film,New Zealand,0,1975,2023,48,1,C,Comedy,Director,0,0,0,,0,0,0,1,0,0,17
Mel Gibson,0,Film,United States,0,1956,2023,67,1,H,Drama,Director,0,0,0,,0,0,0,1,0,0,43
Chen Kaige,0,Film,China,0,1952,2023,71,1,G,Drama,Director,0,0,0,,0,0,0,0,0,0,33
John Woo,0,Film,China,0,1946,2023,77,1,H,Action,Director,0,0,0,,0,0,0,0,0,0,53
Tsui Hark,0,Film,China,0,1950,2023,73,1,C,Action,Director,0,0,0,,0,0,0,0,0,0,42
Hou Hsiao-Hsien,0,Film,China,0,1947,2023,76,1,SS,Drama,Director,0,0,0,,0,0,0,0,0,0,39
Yuen Woo-ping,0,Film,China,0,1945,2023,78,1,U,Action,Director,0,0,0,,0,0,0,0,0,0,51
Daniel Craig,0,Film,United Kingdom,0,1968,2023,55,1,C,Action,Actor,0,0,0,,0,0,0,0,0,0,31
Javier Bardem,0,Film,Spain,0,1969,2023,54,1,C,Crime,Actor,0,0,0,,0,0,0,1,0,0,33
Hugh Jackman,0,Film,Australia,0,1968,2023,55,1,C,Action,Actor,0,0,0,,0,0,0,0,0,0,26
Russell Crowe,0,Film,New Zealand,0,1964,2023,59,1,H,Drama,Actor,0,0,0,,0,0,0,1,0,0,33
Ralph Fiennes,0,Film,United Kingdom,0,1962,2023,61,0,C,Drama,Actor,0,0,0,,0,0,0,0,0,0,31
Idris Elba,0,Film,United Kingdom,0,1972,2023,51,1,C,Action,Actor,0,0,0,,0,0,0,0,0,0,25
Dev Patel,0,Film,United Kingdom,0,1990,2023,33,0,H,Drama,Actor,0,0,0,,0,0,0,0,0,0,15
Ian McKellen,0,Film,United Kingdom,0,1939,2023,84,0,C,Drama,Actor,0,0,0,,0,0,0,0,0,0,61
Chiwetel Ejiofor,0,Film,United Kingdom,0,1977,2023,46,0,C,Drama,Actor,0,0,0,,0,0,0,0,0,0,22
Benedict Cumberbatch,0,Film,United Kingdom,0,1976,2023,47,0,C,Drama,Actor,0,0,0,,0,0,0,0,0,0,21
Gerard Butler,0,Film,United Kingdom,0,1969,2023,54,0,C,Action,Actor,0,0,0,,0,0,0,0,0,0,24
Colin Firth,0,Film,United Kingdom,0,1960,2023,63,1,C,Drama,Actor,0,0,0,,0,0,0,1,0,0,36
Ewan McGregor,0,Film,United Kingdom,0,1971,2023,52,1,H,Drama,Actor,0,0,0,,0,0,0,0,0,0,29
Antonio Banderas,0,Film,Spain,0,1960,2023,63,1,C,Action,Actor,0,0,0,,0,0,0,0,0,0,39
Jean Reno,0,Film,France,0,1948,2023,75,1,U,Action,Actor,0,0,0,,0,0,0,0,0,0,41
Jeremy Irons,0,Film,United Kingdom,0,1948,2023,75,1,C,Drama,Actor,0,0,0,,0,0,0,1,0,0,45
Christian Bale,0,Film,United Kingdom,0,1974,2023,49,1,H,Action,Actor,0,0,0,,0,0,0,1,0,0,35
Sean Connery,0,Film,United Kingdom,1,1930,2020,90,1,H,Action,Actor,0,0,0,,0,0,0,1,0,0,50
Christoph Waltz,0,Film,Austria,0,1956,2023,67,1,G,Drama,Actor,0,0,0,,0,0,0,1,0,0,41
Ken Watanabe,0,Film,Japan,0,1959,2023,64,1,C,Drama,Actor,0,0,0,,0,0,0,0,0,0,42
Stan Lee,0,Film,United States,1,1922,2018,96,1,H,Science Fiction,Writer,0,0,0,,0,0,0,0,0,0,77
Alfred Hitchcock,0,Film,United Kingdom,1,1899,1980,81,1,H,Thriller,Director,0,0,0,,0,0,0,0,0,0,53
Charlie Chaplin,0,Film,United Kingdom,1,1889,1977,88,1,U,Comedy,Director,0,0,0,,0,0,0,1,0,0,75
Marlon Brando,0,Film,United States,1,1924,2004,80,1,C,Drama,Actor,0,0,0,,0,0,0,1,0,0,60
Orson Welles,0,Film,United States,1,1915,1985,70,1,C,Drama,Director,0,0,0,,0,0,0,1,0,0,45
Bruce Lee,0,Film,United States,1,1940,1973,33,1,C,Action,Actor,0,0,0,,0,0,0,0,0,0,14
Heath Ledger,0,Film,Australia,1,1979,2008,29,0,H,Drama,Actor,0,0,0,,0,0,0,1,0,0,18
Paul Newman,0,Film,United States,1,1925,2008,83,1,C,Drama,Actor,0,0,0,,0,0,0,1,0,0,55
Sidney Lumet,0,Film,United States,1,1924,2011,87,1,H,Drama,Director,0,0,0,,0,0,0,1,0,0,62
Federico Fellini,0,Film,Italy,1,1920,1993,73,1,U,Drama,Director,0,0,0,,0,0,0,1,0,0,40
Akira Kurosawa,0,Film,Japan,1,1910,1998,88,1,C,Drama,Director,0,0,0,,0,0,0,1,0,0,57
Ingmar Bergman,0,Film,Sweden,1,1918,2007,89,1,C,Drama,Director,0,0,0,,0,0,0,0,0,0,46
John Huston,0,Film,United States,1,1906,1987,81,1,H,Drama,Director,0,0,0,,0,0,0,1,0,0,47
Sergio Leone,0,Film,Italy,1,1929,1989,60,0,U,Action,Director,0,0,0,,0,0,0,0,0,0,33